No.,Source,Be Known as ,Original Name,Pen Names ,,,,,,,,,,,,,,,,,,,,,,,,,,
1,《香港文學作家傳略》,十三妹,方式文,方丹,方安娣,,,,,,,,,,,,,,,,,,,,,,,,,
2,《香港文學作家傳略》,丁淼,丁嘉樹,TT,丁丁,丁雨林,林梵,金馬,凌雲,馬克巴,野馬,,,,,,,,,,,,,,,,,,,
3,《香港文學作家傳略》,力匡,鄭健柏,百木,,,,,,,,,,,,,,,,,,,,,,,,,,
4,《香港文學作家傳略》,三蘇,高德雄,高雄,石狗公,經紀拉,小生姓高,史得,吳起,但丁,周弓,許德,三及弟,吳．,,,,,,,,,,,,,,,,
5,《香港文學作家傳略》,于肇怡,same as column 1,西堂,蕭怡,,,,,,,,,,,,,,,,,,,,,,,,,
6,《香港文學作家傳略》,上官牧,余陽申,白香燈,,,,,,,,,,,,,,,,,,,,,,,,,,
7,《香港文學作家傳略》,王植波,same as column 1,王樹,,,,,,,,,,,,,,,,,,,,,,,,,,
8,《香港文學作家傳略》,王韜,same as column 1,王子久,王仲弢,王利賓,王弢園,王無悔,王瀚,王瀨今,天南遁叟,甫里逸民,泰東詩漁,弢園老民,淞濱逋客,歇浦散人,滬北賓萌,歐西詞客,王楚金,王畹,王蒙,,,,,,,,,
9,《香港文學作家傳略》,左舜生,左學訓,左仲平,仲平,阿斗,黑頭,,,,,,,,,,,,,,,,,,,,,,,
10,《香港文學作家傳略》,包天笑,包公毅,小生,包山,包朗生,包朗孫,吳門天笑生,我先百花十日生,春雲,迦葉,笑翁,清柱,曼妙,釧影,愛嬌,微妙,拈花,朗孫,公毅,天笑生,笑,德寶,秋星閣,釧影樓,,,,,
11,《香港文學作家傳略》,司馬長風,胡若谷,胡永祥,胡欣平,胡越,胡靈雨,嚴靜文,秋貞理,范澎濤,曾雍也,高節,范澎濤,朱狷夫,胡靈語,,,,,,,,,,,,,,,
12,《香港文學作家傳略》,江之南,王陵,高華,夏灣拿,,,,,,,,,,,,,,,,,,,,,,,,,
13,《香港文學作家傳略》,池滿秋,楊曼秋,,,,,,,,,,,,,,,,,,,,,,,,,,,
14,《香港文學作家傳略》,任真漢,same as column 1,忽菴,,,,,,,,,,,,,,,,,,,,,,,,,,
15,《香港文學作家傳略》,任畢明,任大任,任不名,南中一,南蠻,南一,,,,,,,,,,,,,,,,,,,,,,,
16,《香港文學作家傳略》,任護花,same as column 1,金牙二,周白蘋,,,,,,,,,,,,,,,,,,,,,,,,,
17,《香港文學作家傳略》,沙千夢,,,,,,,,,,,,,,,,,,,,,,,,,,,,
18,《香港文學作家傳略》,宋玉,王桂友,文可式,王季友,芝園,酩酊兵丁,疑史樓主,馨園,,,,,,,,,,,,,,,,,,,,,
19,《香港文學作家傳略》,杜格靈,陳廷,孟津,陳小蘋,羅波密,,,,,,,,,,,,,,,,,,,,,,,,
20,《香港文學作家傳略》,李素,李素英,李琤琮,,,,,,,,,,,,,,,,,,,,,,,,,,
21,《香港文學作家傳略》,李國威,same as column 1,添華,,,,,,,,,,,,,,,,,,,,,,,,,,
22,《香港文學作家傳略》,李輝英,李冬禮,北崚,西村,李君實,李既臨,李唐,李連萃,林山,林莽,松泰,東籬,季林,南峰,夏商周,梁中健,梁晉,葉知秋,蜀山青,齊魯,魯琳,蕭平,,,,,,,
23,《香港文學作家傳略》,呂壽琨,same as column 1,舒奈,樂覺天,,,,,,,,,,,,,,,,,,,,,,,,,
24,《香港文學作家傳略》,吳灞陵,same as column 1,吳延陵,,,,,,,,,,,,,,,,,,,,,,,,,,
25,《香港文學作家傳略》,何行,陳耀庭,辛文,長庚,,,,,,,,,,,,,,,,,,,,,,,,,
26,《香港文學作家傳略》,何紫,何松柏,雅心,葉芷,何松栢,何伯,此絲,稚心,何稚心,何稚森,,,,,,,,,,,,,,,,,,,
27,《香港文學作家傳略》,何達,何孝達,小華,言茜子,何聰,林千山,尚京,洛美,高瀾,凌原,夏尚早,葉千山,陶融,陶最,紫瑜,夏尚早,凌原,林千峯,林千峰,何思玫,,,,,,,,,
28,《香港文學作家傳略》,何筱仙,same as column 1,,,,,,,,,,,,,,,,,,,,,,,,,,,
29,《香港文學作家傳略》,阮朗,嚴慶澍,今屋開,江杏雨,洛風,高山客,唐人,洛風,草山上人,張壁,陶奔,葛夏,顏開,今屋奎,,,,,,,,,,,,,,,
30,《香港文學作家傳略》,林仁超,same as column 1,林偉立,,,,,,,,,,,,,,,,,,,,,,,,,,
31,《香港文學作家傳略》,林年同,same as column 1,,,,,,,,,,,,,,,,,,,,,,,,,,,
32,《香港文學作家傳略》,林英強,same as column 1,,,,,,,,,,,,,,,,,,,,,,,,,,,
33,《香港文學作家傳略》,怡紅生,余寄萍,,,,,,,,,,,,,,,,,,,,,,,,,,,
34,《香港文學作家傳略》,易文,楊彥岐,諸葛郎,辛梵,歐陽飄,文則靈,巴萊,吳守,萬重山,,,,,,,,,,,,,,,,,,,,
35,《香港文學作家傳略》,易君左,易家鉞,敬齋,康匋父,右君,意園,花蹊,,,,,,,,,,,,,,,,,,,,,,
36,《香港文學作家傳略》,易金,陳錫楨,祝子,圓慧,,,,,,,,,,,,,,,,,,,,,,,,,
37,《香港文學作家傳略》,易椿年,same as column 1,椿年,,,,,,,,,,,,,,,,,,,,,,,,,,
38,《香港文學作家傳略》,周石,same as column 1,,,,,,,,,,,,,,,,,,,,,,,,,,,
39,《香港文學作家傳略》,孟君,馮畹華,浮生女士,屏斯,,,,,,,,,,,,,,,,,,,,,,,,,
40,《香港文學作家傳略》,南宮搏,馬漢嶽,馬彬,馬兵,史劍,齊簡,碧光,,,,,,,,,,,,,,,,,,,,,,
41,《香港文學作家傳略》,胡春冰,same as column 1,春英紅雨,春冰,,,,,,,,,,,,,,,,,,,,,,,,,
42,《香港文學作家傳略》,哈公,許國,許公許,許抵死,士啤,,,,,,,,,,,,,,,,,,,,,,,,
43,《香港文學作家傳略》,侶倫,李林風,李霖,林風,林下風,,,,,,,,,,,,,,,,,,,,,,,,
44,《香港文學作家傳略》,俊人,陳子雋,萬人傑,,,,,,,,,,,,,,,,,,,,,,,,,,
45,《香港文學作家傳略》,姚克,姚莘農,姚成龍,姚志伊,,,,,,,,,,,,,,,,,,,,,,,,,
46,《香港文學作家傳略》,高伯雨,高貞白,,,,,,,,,,,,,,,,,,,,,,,,,,,
47,《香港文學作家傳略》,秦牧,林覺夫,阿芝,頑石,派克,吳瑜,但珂,,,,,,,,,,,,,,,,,,,,,,
48,《香港文學作家傳略》,夏果,源克平,龍韻,,,,,,,,,,,,,,,,,,,,,,,,,,
49,《香港文學作家傳略》,馬五先生,雷嘯岑,尚方,雷劍,野鶴山人,雷南雷,,,,,,,,,,,,,,,,,,,,,,,
50,《香港文學作家傳略》,馬鑑,馬季明,,,,,,,,,,,,,,,,,,,,,,,,,,,
51,《香港文學作家傳略》,徐東濱,same as column 1,岳心,洪毅,黎庶,王延芝,,,,,,,,,,,,,,,,,,,,,,,
52,《香港文學作家傳略》,徐訏,徐傳琮,徐伯訏,徐于,史大剛,東方既白,任子楚,迫迂,麗明,姜城北,余光沐,,,,,,,,,,,,,,,,,,
53,《香港文學作家傳略》,徐速,徐斌,徐直平,王劍叢,,,,,,,,,,,,,,,,,,,,,,,,,
54,《香港文學作家傳略》,孫壽康,same as column 1,孫受匡,受匡,,,,,,,,,,,,,,,,,,,,,,,,,
55,《香港文學作家傳略》,梁風,same as column 1,白雲山,,,,,,,,,,,,,,,,,,,,,,,,,,
56,《香港文學作家傳略》,梁晃,same as column 1,,,,,,,,,,,,,,,,,,,,,,,,,,,
57,《香港文學作家傳略》,許地山,贊堃,地山,叔丑,落花生,落華生,許叔丑,,,,,,,,,,,,,,,,,,,,,,
58,《香港文學作家傳略》,曹聚仁,曹挺岫,聽濤,丁舟,陳思,丁秀,橄生,諸家,阿挺,天龍,尾生,沁園,姬旦,袁大郎,土老兒,雲亭山人,趙天一,彭觀清,韓澤,聽濤,,,,,,,,,
59,《香港文學作家傳略》,張千帆,張任濤,張建南,章欣漸,,,,,,,,,,,,,,,,,,,,,,,,,
60,《香港文學作家傳略》,張弓,張一鴻,,,,,,,,,,,,,,,,,,,,,,,,,,,
61,《香港文學作家傳略》,張向天,張秉新,張春風,春風,向天,,,,,,,,,,,,,,,,,,,,,,,,
62,《香港文學作家傳略》,張吻冰,張文炳,望雲,,,,,,,,,,,,,,,,,,,,,,,,,,
63,《香港文學作家傳略》,張周,張華英,,,,,,,,,,,,,,,,,,,,,,,,,,,
64,《香港文學作家傳略》,張愛玲,張瑛,梁京,張煐,,,,,,,,,,,,,,,,,,,,,,,,,
65,《香港文學作家傳略》,張稚廬,same as column 1,稚子,張雅廬,,,,,,,,,,,,,,,,,,,,,,,,,
66,《香港文學作家傳略》,張贛萍,張振之,蕭閑,張帆,三郎,張海山,江湖客,,,,,,,,,,,,,,,,,,,,,,
67,《香港文學作家傳略》,陳君葆,same as column 1,今史氏,南,無牌議員,雲,,,,,,,,,,,,,,,,,,,,,,,
68,《香港文學作家傳略》,陸丹林,same as column 1,陸自在,楓園,非素,紫楓,長安老人,居長安,蹇翁,自在,自在長老,頂湖舊侶,樓空老人,淞南吊夢客,肆江,赤子,甘霖,于勤,長老,霞菲,眇叟,,,,,,,,
69,《香港文學作家傳略》,溫健騮,same as column 1,石衣,馬清如,徐醒吾,默娘,林行雲,徐一雲,,,,,,,,,,,,,,,,,,,,,
70,《香港文學作家傳略》,散髮生,曾紀勳,,,,,,,,,,,,,,,,,,,,,,,,,,,
71,《香港文學作家傳略》,黃天石,黃鍾傑,傑克,黃衫客,,,,,,,,,,,,,,,,,,,,,,,,,
72,《香港文學作家傳略》,黃守一,same as column 1,,,,,,,,,,,,,,,,,,,,,,,,,,,
73,《香港文學作家傳略》,黃冷觀,黃顯成,君達,仲弢,崑崙,黃君達,,,,,,,,,,,,,,,,,,,,,,,
74,《香港文學作家傳略》,黃谷柳,黃顯襄,黃襄,海星,丁冬,冬青,谷柳,茜襄,,,,,,,,,,,,,,,,,,,,,
75,《香港文學作家傳略》,黃思騁,same as column 1,,,,,,,,,,,,,,,,,,,,,,,,,,,
76,《香港文學作家傳略》,黃崖,葉逢生,陸星,莊重,,,,,,,,,,,,,,,,,,,,,,,,,
77,《香港文學作家傳略》,黃震遐,same as column 1,東方赫,,,,,,,,,,,,,,,,,,,,,,,,,,
78,《香港文學作家傳略》,黃燕清,黃熊彪,黃俊英,言情,,,,,,,,,,,,,,,,,,,,,,,,,
79,《香港文學作家傳略》,黃鷹,黃海明,黃明,盧令,,,,,,,,,,,,,,,,,,,,,,,,,
80,《香港文學作家傳略》,楊天成,楊世英,羅亭,陳洪,青阿哥,,,,,,,,,,,,,,,,,,,,,,,,
81,《香港文學作家傳略》,葉靈鳳,葉蘊璞,佐木華,葉林豐,秋生,霜崖,秦靜聞,秋郎,亞靈,臨風,雨品巫,曇華,L.F.,柿堂,南村,任訶,鳳軒,燕樓,趙克臻,克臻,臻,林豐,白門秋生,豐,黃繩,,,,
82,《香港文學作家傳略》,廖恩燾,same as column 1,廖鳳舒,鳳舒,懺盦,珠海夢餘生,,,,,,,,,,,,,,,,,,,,,,,
83,《香港文學作家傳略》,碧侶,陸雁豪,陸兆熙,,,,,,,,,,,,,,,,,,,,,,,,,,
84,《香港文學作家傳略》,趙滋蕃,same as column 1,文壽,,,,,,,,,,,,,,,,,,,,,,,,,,
85,《香港文學作家傳略》,趙聰,same as column 1,趙慶餘,鍾華敏,王序,,,,,,,,,,,,,,,,,,,,,,,,
86,《香港文學作家傳略》,熊式一,熊適逸,適齋居士,熊式．,,,,,,,,,,,,,,,,,,,,,,,,,
87,《香港文學作家傳略》,鄭郁郎,same as column 1,,,,,,,,,,,,,,,,,,,,,,,,,,,
88,《香港文學作家傳略》,歐陽天,鄺蔭泉,,,,,,,,,,,,,,,,,,,,,,,,,,,
89,《香港文學作家傳略》,劉火子,same as column 1,,,,,,,,,,,,,,,,,,,,,,,,,,,
90,《香港文學作家傳略》,魯金,梁濤,黃濤,梁煌濤,魯言,夏歷,夏秋冬,,,,,,,,,,,,,,,,,,,,,,
91,《香港文學作家傳略》,魯衡,same as column 1,,,,,,,,,,,,,,,,,,,,,,,,,,,
92,《香港文學作家傳略》,龍實秀,same as column 1,,,,,,,,,,,,,,,,,,,,,,,,,,,
93,《香港文學作家傳略》,盧森,same as column 1,洪成,魯深,,,,,,,,,,,,,,,,,,,,,,,,,
94,《香港文學作家傳略》,蕭銅,生鑑忠,,,,,,,,,,,,,,,,,,,,,,,,,,,
95,《香港文學作家傳略》,蕭輝楷,same as column 1,陳虹,方皞,,,,,,,,,,,,,,,,,,,,,,,,,
96,《香港文學作家傳略》,戴望舒,戴朝寀,戴夢鷗,信芳,望舒,郎芳,江近思,艾生,生,陳御月,艾昂甫,苗秀,戴月,月,陳藝圃,藝圃,張白銜,莊重,蒔甘,林泉居士,林泉居,方仁,史方域,江文生,江湖,文生,江思,白銜,達士
97,《香港文學作家傳略》,戴隱郎,same as column 1,戴英郎,殷沫,馬康,疾流,,,,,,,,,,,,,,,,,,,,,,,
98,《香港文學作家傳略》,簡又文,same as column 1,簡馭繁,馭繁,大華烈士,工爻,佟智,諦牟,斑園,興漢劍生郎,,,,,,,,,,,,,,,,,,,
99,《香港文學作家傳略》,羅香林,same as column 1,羅元一,元一,羅漢,漢夫,羅一之,羅乙堂,香靈,,,,,,,,,,,,,,,,,,,,
100,《香港文學作家傳略》,羅澧銘,same as column 1,塘西舊侶,蘿月,憶釵生,三羅後人,禮記,,,,,,,,,,,,,,,,,,,,,,
101,《香港文學作家傳略》,顧鴻,same as column 1,江一明,夏侯晚潯,賀原,,,,,,,,,,,,,,,,,,,,,,,,
102,《香港文學作家傳略》,靈簫生,衛春秋,,,,,,,,,,,,,,,,,,,,,,,,,,,
103,《香港文學作家傳略》,丁平,寗靖,艾莎,沙莎,,,,,,,,,,,,,,,,,,,,,,,,,
104,《香港文學作家傳略》,丁羽,same as column 1,佛琳,,,,,,,,,,,,,,,,,,,,,,,,,,
105,《香港文學作家傳略》,丁望,same as column 1,,,,,,,,,,,,,,,,,,,,,,,,,,,
106,《香港文學作家傳略》,卜少夫,same as column 1,,,,,,,,,,,,,,,,,,,,,,,,,,,
107,《香港文學作家傳略》,乞靈,吳呂南,小綠,,,,,,,,,,,,,,,,,,,,,,,,,,
108,《香港文學作家傳略》,小思,盧瑋鑾,明川,盧颿,夏颸,金文泰 冷齋,賈逸,荒唐生,莫桓,兔仔,,,,,,,,,,,,,,,,,,,
109,《香港文學作家傳略》,也斯,梁秉鈞,LEUNG PING-KWAN,梁北,,,,,,,,,,,,,,,,,,,,,,,,,
110,《香港文學作家傳略》,子迅,趙子遜,子川,越人,凡山,趙玲,諸葛求實,layman,玲,仁,謝子迅,駱平,洛平,趙蘋,,,,,,,,,,,,,,,
111,《香港文學作家傳略》,文翎,梁德標,梁燦,,,,,,,,,,,,,,,,,,,,,,,,,,
112,《香港文學作家傳略》,文雋,王文俊,王恆,王恒,,,,,,,,,,,,,,,,,,,,,,,,,
113,《香港文學作家傳略》,文綺貞,same as column 1,,,,,,,,,,,,,,,,,,,,,,,,,,,
114,《香港文學作家傳略》,方娥真,same as column 1,寥湮,,,,,,,,,,,,,,,,,,,,,,,,,,
115,《香港文學作家傳略》,方龍驤,方棠華,龍驤,盧森堡,丁辛,常舞天,,,,,,,,,,,,,,,,,,,,,,,
116,《香港文學作家傳略》,方競生,same as column 1,,,,,,,,,,,,,,,,,,,,,,,,,,,
117,《香港文學作家傳略》,方蘆荻,方榮焯,方盧荻,,,,,,,,,,,,,,,,,,,,,,,,,,
118,《香港文學作家傳略》,王一桃,黃壽延,,,,,,,,,,,,,,,,,,,,,,,,,,,
119,《香港文學作家傳略》,王心果,王火土,,,,,,,,,,,,,,,,,,,,,,,,,,,
120,《香港文學作家傳略》,王仁芸,same as column 1,,,,,,,,,,,,,,,,,,,,,,,,,,,
121,《香港文學作家傳略》,王良和,same as column 1,,,,,,,,,,,,,,,,,,,,,,,,,,,
122,《香港文學作家傳略》,王尚政,same as column 1,尚政,伏翁,復員,,,,,,,,,,,,,,,,,,,,,,,,
123,《香港文學作家傳略》,王亭之,談錫永,孔百通,張之石,陳易,薛永頤,,,,,,,,,,,,,,,,,,,,,,,
124,《香港文學作家傳略》,王偉明,same as column 1,王淙,偉明,蘇舜,藍青天,,,,,,,,,,,,,,,,,,,,,,,
125,《香港文學作家傳略》,王無邪,same as column 1,王松基,,,,,,,,,,,,,,,,,,,,,,,,,,
126,《香港文學作家傳略》,王椰林,same as column 1,柳扶風,魯繼人,東方椰林,王守行,柳公,五守行,,,,,,,,,,,,,,,,,,,,,
127,《香港文學作家傳略》,王業隆,same as column 1,王文翔,王彤,王維之,,,,,,,,,,,,,,,,,,,,,,,,
128,《香港文學作家傳略》,王敬羲,same as column 1,,,,,,,,,,,,,,,,,,,,,,,,,,,
129,《香港文學作家傳略》,王潔心,same as column 1,蕭瑤,海蓮,谷蘭,胡晝,,,,,,,,,,,,,,,,,,,,,,,
130,《香港文學作家傳略》,王璞,same as column 1,多多,嚴曉,,,,,,,,,,,,,,,,,,,,,,,,,
131,《香港文學作家傳略》,王曉堤,王毅漢,,,,,,,,,,,,,,,,,,,,,,,,,,,
132,《香港文學作家傳略》,王鍇,same as column 1,王楚金,楚金,金皆,麥歇鍇,,,,,,,,,,,,,,,,,,,,,,,
133,《香港文學作家傳略》,天涯,蘇允岱,蘇一多,芳草,蓮兒,,,,,,,,,,,,,,,,,,,,,,,,
134,《香港文學作家傳略》,毛孟靜,same as column 1,,,,,,,,,,,,,,,,,,,,,,,,,,,
135,《香港文學作家傳略》,尹懷文,same as column 1,,,,,,,,,,,,,,,,,,,,,,,,,,,
136,《香港文學作家傳略》,巴桐,蘇梓敬,巴童,鄭梓敬,,,,,,,,,,,,,,,,,,,,,,,,,
137,《香港文學作家傳略》,孔昭,孔淑霞,,,,,,,,,,,,,,,,,,,,,,,,,,,
138,《香港文學作家傳略》,幻影,陳克寬,,,,,,,,,,,,,,,,,,,,,,,,,,,
139,《香港文學作家傳略》,水禾田,潘炯榮,,,,,,,,,,,,,,,,,,,,,,,,,,,
140,《香港文學作家傳略》,平可,岑卓雲,,,,,,,,,,,,,,,,,,,,,,,,,,,
141,《香港文學作家傳略》,甘當炎,same as column 1,西連江,寧非,,,,,,,,,,,,,,,,,,,,,,,,,
142,《香港文學作家傳略》,甘豐穗,甘兆光,祝永平,俞集,沙坡野,貝莎,,,,,,,,,,,,,,,,,,,,,,,
143,《香港文學作家傳略》,古蒼梧,古兆申,傅一石,顧耳,藍山居,,,,,,,,,,,,,,,,,,,,,,,,
144,《香港文學作家傳略》,古劍,辜健,康馥,鄭羽,孤爾,,,,,,,,,,,,,,,,,,,,,,,,
145,《香港文學作家傳略》,古德明,same as column 1,,,,,,,,,,,,,,,,,,,,,,,,,,,
146,《香港文學作家傳略》,石人,梁小中,曉翁,寶石,石天,,,,,,,,,,,,,,,,,,,,,,,,
147,《香港文學作家傳略》,石貝,歐陽碧,梁司蘭,,,,,,,,,,,,,,,,,,,,,,,,,,
148,《香港文學作家傳略》,石琪,黃志強,冷宜,黃強,,,,,,,,,,,,,,,,,,,,,,,,,
149,《香港文學作家傳略》,禾迪,駱燕平,,,,,,,,,,,,,,,,,,,,,,,,,,,
150,《香港文學作家傳略》,白洛,白樂成,,,,,,,,,,,,,,,,,,,,,,,,,,,
151,《香港文學作家傳略》,白福臻,same as column 1,,,,,,,,,,,,,,,,,,,,,,,,,,,
152,《香港文學作家傳略》,白韻琴,same as column 1,紅牡丹,,,,,,,,,,,,,,,,,,,,,,,,,,
153,《香港文學作家傳略》,司空明,周鼎,,,,,,,,,,,,,,,,,,,,,,,,,,,
154,《香港文學作家傳略》,司馬璐,馬義,,,,,,,,,,,,,,,,,,,,,,,,,,,
155,《香港文學作家傳略》,江上舟,周昌偉,舟慧,周偉,,,,,,,,,,,,,,,,,,,,,,,,,
156,《香港文學作家傳略》,江李志豪,same as column 1,李晶,敏翔,劉蕙心,劉懷之,,,,,,,,,,,,,,,,,,,,,,,
157,《香港文學作家傳略》,亦舒,倪亦舒,梅峯,梅峰,依莎貝,衣莎貝,玫瑰,阿妹,,,,,,,,,,,,,,,,,,,,,
158,《香港文學作家傳略》,西西,張彥,倫士,凱旋門,藍馬店,十行,南南,多默,小米素,小紅花,尚．連尼卡,序曲,店主,張愛倫,心田,愛倫,星火,海倫,皇冠,藍子,莎揚娜拉,葉菁,蓁蓁,藍尼羅河,貝西,阿果,雪兒,青,青鳥
159,《香港文學作家傳略》,西茜凰,黃綺瑩,,,,,,,,,,,,,,,,,,,,,,,,,,,
160,《香港文學作家傳略》,西維,高潔,龍飛立,高西維,,,,,,,,,,,,,,,,,,,,,,,,,
161,《香港文學作家傳略》,朱文楊,same as column 1,朱文揚,雁楓,聞思,嘉應子,華子,,,,,,,,,,,,,,,,,,,,,,
162,《香港文學作家傳略》,朱立,same as column 1,,,,,,,,,,,,,,,,,,,,,,,,,,,
163,《香港文學作家傳略》,朱珺,朱壐輝,,,,,,,,,,,,,,,,,,,,,,,,,,,
164,《香港文學作家傳略》,朱韻成,same as column 1,人木,,,,,,,,,,,,,,,,,,,,,,,,,,
165,《香港文學作家傳略》,伍美心,伍麗萍,,,,,,,,,,,,,,,,,,,,,,,,,,,
166,《香港文學作家傳略》,伊凡,孔慧怡,,,,,,,,,,,,,,,,,,,,,,,,,,,
167,《香港文學作家傳略》,沈西城,葉關琦,,,,,,,,,,,,,,,,,,,,,,,,,,,
168,《香港文學作家傳略》,宋詒瑞,same as column 1,伊蓮,,,,,,,,,,,,,,,,,,,,,,,,,,
169,《香港文學作家傳略》,辛其氏,簡慕嫻,,,,,,,,,,,,,,,,,,,,,,,,,,,
170,《香港文學作家傳略》,杜良媞,same as column 1,,,,,,,,,,,,,,,,,,,,,,,,,,,
171,《香港文學作家傳略》,杜杜,何國道,,,,,,,,,,,,,,,,,,,,,,,,,,,
172,《香港文學作家傳略》,杜國威,same as column 1,,,,,,,,,,,,,,,,,,,,,,,,,,,
173,《香港文學作家傳略》,杜漸,李文健,穆川,李芃,孟德林,李岳,,,,,,,,,,,,,,,,,,,,,,,
174,《香港文學作家傳略》,李文耀,same as column 1,雪茄李,,,,,,,,,,,,,,,,,,,,,,,,,,
175,《香港文學作家傳略》,李立明,same as column 1,李子行,李世揚,白藍,李海眉,瑩明,清流,梁良樑,麥巷,甄文正,力鳴,紀叟,祝秀里,,,,,,,,,,,,,,,
176,《香港文學作家傳略》,李永山,same as column 1,李峯,李峰,,,,,,,,,,,,,,,,,,,,,,,,,
177,《香港文學作家傳略》,李男,陳麗嵐,,,,,,,,,,,,,,,,,,,,,,,,,,,
178,《香港文學作家傳略》,李育中,same as column 1,李航,白廬,韋陀,李遠,馬葵生,,,,,,,,,,,,,,,,,,,,,,
179,《香港文學作家傳略》,李雨生,same as column 1,路易士,,,,,,,,,,,,,,,,,,,,,,,,,,
180,《香港文學作家傳略》,李怡,李秉堯,舒樺,齊辛,,,,,,,,,,,,,,,,,,,,,,,,,
181,《香港文學作家傳略》,李金鳳,same as column 1,徐芝,陳的曼,,,,,,,,,,,,,,,,,,,,,,,,,
182,《香港文學作家傳略》,李洛霞,黃珠華,,,,,,,,,,,,,,,,,,,,,,,,,,,
183,《香港文學作家傳略》,李英豪,same as column 1,容冰川,余橫山,客冰川,,,,,,,,,,,,,,,,,,,,,,,,
184,《香港文學作家傳略》,李家樹,same as column 1,,,,,,,,,,,,,,,,,,,,,,,,,,,
185,《香港文學作家傳略》,李純恩,same as column 1,,,,,,,,,,,,,,,,,,,,,,,,,,,
186,《香港文學作家傳略》,李焯雄,same as column 1,,,,,,,,,,,,,,,,,,,,,,,,,,,
187,《香港文學作家傳略》,李援華,same as column 1,,,,,,,,,,,,,,,,,,,,,,,,,,,
188,《香港文學作家傳略》,李華川,李少華,,,,,,,,,,,,,,,,,,,,,,,,,,,
189,《香港文學作家傳略》,李碧華,same as column 1,,,,,,,,,,,,,,,,,,,,,,,,,,,
190,《香港文學作家傳略》,李遠榮,same as column 1,馬馳原,李梅山,,,,,,,,,,,,,,,,,,,,,,,,,
191,《香港文學作家傳略》,李維陵,李國樑,衛林,,,,,,,,,,,,,,,,,,,,,,,,,,
192,《香港文學作家傳略》,李樂詩,same as column 1,,,,,,,,,,,,,,,,,,,,,,,,,,,
193,《香港文學作家傳略》,李超倫,same as column 1,上林,,,,,,,,,,,,,,,,,,,,,,,,,,
194,《香港文學作家傳略》,李燕,same as column 1,,,,,,,,,,,,,,,,,,,,,,,,,,,
195,《香港文學作家傳略》,李默,李楚君,秦楚,楚君,,,,,,,,,,,,,,,,,,,,,,,,,
196,《香港文學作家傳略》,李錦洪,same as column 1,欣靈,紅錦鯉,,,,,,,,,,,,,,,,,,,,,,,,,
197,《香港文學作家傳略》,呂達,李雋,李陽,徐冀,南雁,,,,,,,,,,,,,,,,,,,,,,,,
198,《香港文學作家傳略》,吳正,same as column 1,,,,,,,,,,,,,,,,,,,,,,,,,,,
199,《香港文學作家傳略》,吳羊璧,吳筠生,吳宣,雙翼,章玉,魯嘉,林泥,意妮,唐斐,,,,,,,,,,,,,,,,,,,,
200,《香港文學作家傳略》,吳其敏,same as column 1,眉庵,向寰,望翠,梁柏青,翁繼耘,梁伯青,,,,,,,,,,,,,,,,,,,,,
201,《香港文學作家傳略》,吳美筠,same as column 1,,,,,,,,,,,,,,,,,,,,,,,,,,,
202,《香港文學作家傳略》,吳康民,same as column 1,黃信今,陸觀,方輔起,李化生,,,,,,,,,,,,,,,,,,,,,,,
203,《香港文學作家傳略》,吳基信,same as column 1,,,,,,,,,,,,,,,,,,,,,,,,,,,
204,《香港文學作家傳略》,吳瑞卿,same as column 1,,,,,,,,,,,,,,,,,,,,,,,,,,,
205,《香港文學作家傳略》,吳萱人,same as column 1,,,,,,,,,,,,,,,,,,,,,,,,,,,
206,《香港文學作家傳略》,吳敬子,黃仲鳴,徐行,司馬遼,田志賀,黃鳥,不是教授,,,,,,,,,,,,,,,,,,,,,,
207,《香港文學作家傳略》,吳煦斌,吳玉英,,,,,,,,,,,,,,,,,,,,,,,,,,,
208,《香港文學作家傳略》,吳應廈,same as column 1,吳文,李鐵,,,,,,,,,,,,,,,,,,,,,,,,,
209,《香港文學作家傳略》,吳靄儀,same as column 1,,,,,,,,,,,,,,,,,,,,,,,,,,,
210,《香港文學作家傳略》,岑美華,same as column 1,白若華,封芝菊,單倩,綠小蝶,,,,,,,,,,,,,,,,,,,,,,,
211,《香港文學作家傳略》,岑逸飛,岑嘉駟,,,,,,,,,,,,,,,,,,,,,,,,,,,
212,《香港文學作家傳略》,余玉書,余祥麟,曼陀,,,,,,,,,,,,,,,,,,,,,,,,,,
213,《香港文學作家傳略》,余光中,same as column 1,,,,,,,,,,,,,,,,,,,,,,,,,,,
214,《香港文學作家傳略》,余思牧,余潤棠,思牧,毓魁,余明,余慧丹,原上放,遼莽,馬前,司徒壯,,,,,,,,,,,,,,,,,,,
215,《香港文學作家傳略》,余國康,same as column 1,浪克,,,,,,,,,,,,,,,,,,,,,,,,,,
216,《香港文學作家傳略》,余過,潘粵生,,,,,,,,,,,,,,,,,,,,,,,,,,,
217,《香港文學作家傳略》,秀實,梁新榮,,,,,,,,,,,,,,,,,,,,,,,,,,,
218,《香港文學作家傳略》,何巧嬋,same as column 1,瑩影,小圖,依依,芳草,,,,,,,,,,,,,,,,,,,,,,,
219,《香港文學作家傳略》,何良懋,same as column 1,,,,,,,,,,,,,,,,,,,,,,,,,,,
220,《香港文學作家傳略》,何國強,same as column 1,,,,,,,,,,,,,,,,,,,,,,,,,,,
221,《香港文學作家傳略》,何福仁,same as column 1,方沙,,,,,,,,,,,,,,,,,,,,,,,,,,
222,《香港文學作家傳略》,何慧賢,same as column 1,,,,,,,,,,,,,,,,,,,,,,,,,,,
223,《香港文學作家傳略》,何錦玲,same as column 1,錦心,,,,,,,,,,,,,,,,,,,,,,,,,,
224,《香港文學作家傳略》,何寶雯,same as column 1,,,,,,,,,,,,,,,,,,,,,,,,,,,
225,《香港文學作家傳略》,君比,馮忻忻,,,,,,,,,,,,,,,,,,,,,,,,,,,
226,《香港文學作家傳略》,迅清,姚啓榮,姚啟榮,,,,,,,,,,,,,,,,,,,,,,,,,,
227,《香港文學作家傳略》,阮志雄,same as column 1,,,,,,,,,,,,,,,,,,,,,,,,,,,
228,《香港文學作家傳略》,阮海棠,same as column 1,海燕,海鷗,,,,,,,,,,,,,,,,,,,,,,,,,
229,《香港文學作家傳略》,林力安,same as column 1,,,,,,,,,,,,,,,,,,,,,,,,,,,
230,《香港文學作家傳略》,林大慶,same as column 1,,,,,,,,,,,,,,,,,,,,,,,,,,,
231,《香港文學作家傳略》,林夕,梁偉文,,,,,,,,,,,,,,,,,,,,,,,,,,,
232,《香港文學作家傳略》,林太乙,same as column 1,,,,,,,,,,,,,,,,,,,,,,,,,,,
233,《香港文學作家傳略》,林以亮,宋淇,宋悌芬,余懷,,,,,,,,,,,,,,,,,,,,,,,,,
234,《香港文學作家傳略》,林行止,林山木,,,,,,,,,,,,,,,,,,,,,,,,,,,
235,《香港文學作家傳略》,林真,李國柱,谷旭,李昕,呂詩,呂斯,梓人,,,,,,,,,,,,,,,,,,,,,,
236,《香港文學作家傳略》,林湄,林梅,林玫,,,,,,,,,,,,,,,,,,,,,,,,,,
237,《香港文學作家傳略》,林翠芬 ,same as column 1,泠楓,,,,,,,,,,,,,,,,,,,,,,,,,,
238,《香港文學作家傳略》,林蔭,林志英,雪山櫻,雲山櫻,,,,,,,,,,,,,,,,,,,,,,,,,
239,《香港文學作家傳略》,林燕妮,same as column 1,,,,,,,,,,,,,,,,,,,,,,,,,,,
240,《香港文學作家傳略》,東瑞,黃東濤,桑妮,西波,羅桑雅,海雅,,,,,,,,,,,,,,,,,,,,,,,
241,《香港文學作家傳略》,雨萍,張寶萍,張寶兒,,,,,,,,,,,,,,,,,,,,,,,,,,
242,《香港文學作家傳略》,非林,羅林,羅漢,羅隆霖,羅霖,,,,,,,,,,,,,,,,,,,,,,,,
243,《香港文學作家傳略》,忠揚,陳鴻舉,,,,,,,,,,,,,,,,,,,,,,,,,,,
244,《香港文學作家傳略》,金力明,same as column 1,青頭巾,,,,,,,,,,,,,,,,,,,,,,,,,,
245,《香港文學作家傳略》,金兆,梁鈺文,,,,,,,,,,,,,,,,,,,,,,,,,,,
246,《香港文學作家傳略》,金東方,same as column 1,,,,,,,,,,,,,,,,,,,,,,,,,,,
247,《香港文學作家傳略》,金依,張燮雛,張初,芸芸,,,,,,,,,,,,,,,,,,,,,,,,,
248,《香港文學作家傳略》,金炳興,same as column 1,,,,,,,,,,,,,,,,,,,,,,,,,,,
249,《香港文學作家傳略》,金虹,金朝虹,,,,,,,,,,,,,,,,,,,,,,,,,,,
250,《香港文學作家傳略》,金庸,查良鏞,林歡,姚馥蘭,姚嘉衣,,,,,,,,,,,,,,,,,,,,,,,,
251,《香港文學作家傳略》,金聖華,same as column 1,,,,,,,,,,,,,,,,,,,,,,,,,,,
252,《香港文學作家傳略》,金耀基,same as column 1,,,,,,,,,,,,,,,,,,,,,,,,,,,
253,《香港文學作家傳略》,依達,葉敏爾,韋韋,梵爾,,,,,,,,,,,,,,,,,,,,,,,,,
254,《香港文學作家傳略》,岳騫,何家驊,何越千,越千,方劍雲,鐵嶺遺民,,,,,,,,,,,,,,,,,,,,,,,
255,《香港文學作家傳略》,周兆祥,same as column 1,,,,,,,,,,,,,,,,,,,,,,,,,,,
256,《香港文學作家傳略》,周英雄,same as column 1,,,,,,,,,,,,,,,,,,,,,,,,,,,
257,《香港文學作家傳略》,周蜜蜜,same as column 1,密密,蜜蜜,周蜜,周密密,,,,,,,,,,,,,,,,,,,,,,,
258,《香港文學作家傳略》,周錫（韋复）,same as column 1,金韋,周行,,,,,,,,,,,,,,,,,,,,,,,,,
259,《香港文學作家傳略》,周簡段,司徒丙鶴,,,,,,,,,,,,,,,,,,,,,,,,,,,
260,《香港文學作家傳略》,邵仕雄,same as column 1,,,,,,,,,,,,,,,,,,,,,,,,,,,
261,《香港文學作家傳略》,阿濃,朱溥生,阿丹,濃濃,蘇大明,方野,新楚,Aron,朱燕,,,,,,,,,,,,,,,,,,,,
262,《香港文學作家傳略》,洪清田,same as column 1,,,,,,,,,,,,,,,,,,,,,,,,,,,
263,《香港文學作家傳略》,洛楓,陳少紅,,,,,,,,,,,,,,,,,,,,,,,,,,,
264,《香港文學作家傳略》,施友朋,same as column 1,洪放,,,,,,,,,,,,,,,,,,,,,,,,,,
265,《香港文學作家傳略》,施叔青,same as column 1,,,,,,,,,,,,,,,,,,,,,,,,,,,
266,《香港文學作家傳略》,春華,林向陽,林春華,,,,,,,,,,,,,,,,,,,,,,,,,,
267,《香港文學作家傳略》,柯振中,same as column 1,,,,,,,,,,,,,,,,,,,,,,,,,,,
268,《香港文學作家傳略》,柯達羣,same as column 1,柯達群,可嚴,,,,,,,,,,,,,,,,,,,,,,,,,
269,《香港文學作家傳略》,柳木下,劉慕霞,劉暮霞,慕霞,劉孟,木下,馬御風,馬臨風,婁木,,,,,,,,,,,,,,,,,,,,
270,《香港文學作家傳略》,郁風,same as column 1,,,,,,,,,,,,,,,,,,,,,,,,,,,
271,《香港文學作家傳略》,南思,張慶,夢然,,,,,,,,,,,,,,,,,,,,,,,,,,
272,《香港文學作家傳略》,胡志偉,same as column 1,鄭義,林同,華衷,田豐,朱有道,馬失途,,,,,,,,,,,,,,,,,,,,,
273,《香港文學作家傳略》,胡金銓,same as column 1,九山,,,,,,,,,,,,,,,,,,,,,,,,,,
274,《香港文學作家傳略》,胡振海,same as column 1,野火,,,,,,,,,,,,,,,,,,,,,,,,,,
275,《香港文學作家傳略》,胡從經,same as column 1,,,,,,,,,,,,,,,,,,,,,,,,,,,
276,《香港文學作家傳略》,胡菊人,胡秉文,華谷月,,,,,,,,,,,,,,,,,,,,,,,,,,
277,《香港文學作家傳略》,胡燕青,same as column 1,燕青,北岳,革革,雛燕,思齊,格子,胡孟怡,,,,,,,,,,,,,,,,,,,,
278,《香港文學作家傳略》,柴娃娃,潘正英,伊芙蓮,,,,,,,,,,,,,,,,,,,,,,,,,,
279,《香港文學作家傳略》,思果,蔡濯堂,方紀谷,蔡思果,,,,,,,,,,,,,,,,,,,,,,,,,
280,《香港文學作家傳略》,俞風,余漢江,,,,,,,,,,,,,,,,,,,,,,,,,,,
281,《香港文學作家傳略》,香山亞黃,黃炤桃,照圖,趙陶,亞黃,,,,,,,,,,,,,,,,,,,,,,,,
282,《香港文學作家傳略》,皇甫光,黃六平,向夏,夏平,虞羽,,,,,,,,,,,,,,,,,,,,,,,,
283,《香港文學作家傳略》,飛白,霍漢姬,未名湖,路斯,漢姬,,,,,,,,,,,,,,,,,,,,,,,,
284,《香港文學作家傳略》,韋基舜,same as column 1,,,,,,,,,,,,,,,,,,,,,,,,,,,
285,《香港文學作家傳略》,韋婭,左韋,,,,,,,,,,,,,,,,,,,,,,,,,,,
286,《香港文學作家傳略》,姚拓,姚天平,,,,,,,,,,,,,,,,,,,,,,,,,,,
287,《香港文學作家傳略》,紅葉,陳煜坤,,,,,,,,,,,,,,,,,,,,,,,,,,,
288,《香港文學作家傳略》,海辛,鄭雄,鄭辛雄,,,,,,,,,,,,,,,,,,,,,,,,,,
289,《香港文學作家傳略》,高旅,邵元成,邵家天,邵慎之,慎之,,,,,,,,,,,,,,,,,,,,,,,,
290,《香港文學作家傳略》,唐大江,same as column 1,,,,,,,,,,,,,,,,,,,,,,,,,,,
291,《香港文學作家傳略》,唐婉文,same as column 1,姨姨,玉芙,唐姨姨,,,,,,,,,,,,,,,,,,,,,,,,
292,《香港文學作家傳略》,唐瓊,潘際坰,,,,,,,,,,,,,,,,,,,,,,,,,,,
293,《香港文學作家傳略》,凌雁,陳志安,,,,,,,,,,,,,,,,,,,,,,,,,,,
294,《香港文學作家傳略》,秦天南,李勤益,,,,,,,,,,,,,,,,,,,,,,,,,,,
295,《香港文學作家傳略》,秦嶺雪,李大洲,,,,,,,,,,,,,,,,,,,,,,,,,,,
296,《香港文學作家傳略》,袁立勳,same as column 1,,,,,,,,,,,,,,,,,,,,,,,,,,,
297,《香港文學作家傳略》,原甸,林佑璋,櫓丹,司馬心,万福士,,,,,,,,,,,,,,,,,,,,,,,,
298,《香港文學作家傳略》,夏易,陳絢文,林未雪,言茜子,葉問,章如意,,,,,,,,,,,,,,,,,,,,,,,
299,《香港文學作家傳略》,夏馬,鄧紀生,,,,,,,,,,,,,,,,,,,,,,,,,,,
300,《香港文學作家傳略》,夏婕,same as column 1,梅女,,,,,,,,,,,,,,,,,,,,,,,,,,
301,《香港文學作家傳略》,夏智定,same as column 1,紫丁,亦嘉,,,,,,,,,,,,,,,,,,,,,,,,,
302,《香港文學作家傳略》,馬芳儀,same as column 1,野馬,蘭根,方宜,,,,,,,,,,,,,,,,,,,,,,,,
303,《香港文學作家傳略》,馬翠蘿,same as column 1,,,,,,,,,,,,,,,,,,,,,,,,,,,
304,《香港文學作家傳略》,馬若,馬港生,,,,,,,,,,,,,,,,,,,,,,,,,,,
305,《香港文學作家傳略》,馬朗,馬博良,,,,,,,,,,,,,,,,,,,,,,,,,,,
306,《香港文學作家傳略》,馬國亮,same as column 1,華良,,,,,,,,,,,,,,,,,,,,,,,,,,
307,《香港文學作家傳略》,馬雲,李世輝,,,,,,,,,,,,,,,,,,,,,,,,,,,
308,《香港文學作家傳略》,馬覺,曹明明,阿覺,邁敬開,苒航,曹殷,,,,,,,,,,,,,,,,,,,,,,,
309,《香港文學作家傳略》,草川,張浩然,張牧,,,,,,,,,,,,,,,,,,,,,,,,,,
310,《香港文學作家傳略》,草雪,何松愛,,,,,,,,,,,,,,,,,,,,,,,,,,,
311,《香港文學作家傳略》,翁靈文,same as column 1,,,,,,,,,,,,,,,,,,,,,,,,,,,
312,《香港文學作家傳略》,倫文標,same as column 1,,,,,,,,,,,,,,,,,,,,,,,,,,,
313,《香港文學作家傳略》,倪匡,倪亦明,倪聰,衛斯理,沙翁,岳川,魏力,衣其,洪新,危龍,原振俠,,,,,,,,,,,,,,,,,,
314,《香港文學作家傳略》,徐子雄,same as column 1,王福成,呂有浚,畢可雪,勞工,,,,,,,,,,,,,,,,,,,,,,,
315,《香港文學作家傳略》,徐詠璇,same as column 1,,,,,,,,,,,,,,,,,,,,,,,,,,,
316,《香港文學作家傳略》,殷勤,same as column 1,,,,,,,,,,,,,,,,,,,,,,,,,,,
317,《香港文學作家傳略》,殷德厚,same as column 1,覺天,其雷,期雷,德厚,德隆,,,,,,,,,,,,,,,,,,,,,,
318,《香港文學作家傳略》,桑簡流,same as column 1,水建彤,,,,,,,,,,,,,,,,,,,,,,,,,,
319,《香港文學作家傳略》,孫述宇,same as column 1,費立,宜仲弘,宣仲弘,,,,,,,,,,,,,,,,,,,,,,,,
320,《香港文學作家傳略》,孫重貴,same as column 1,,,,,,,,,,,,,,,,,,,,,,,,,,,
321,《香港文學作家傳略》,孫滌靈,same as column 1,林林,,,,,,,,,,,,,,,,,,,,,,,,,,
322,《香港文學作家傳略》,孫慧玲,same as column 1,,,,,,,,,,,,,,,,,,,,,,,,,,,
323,《香港文學作家傳略》,孫寶玲,same as column 1,,,,,,,,,,,,,,,,,,,,,,,,,,,
324,《香港文學作家傳略》,孫觀琳,same as column 1,阿玲,海心,一寧,何玲,,,,,,,,,,,,,,,,,,,,,,,
325,《香港文學作家傳略》,淮遠,關懷遠,培正淮遠,旭逸,,,,,,,,,,,,,,,,,,,,,,,,,
326,《香港文學作家傳略》,梁巨鴻,same as column 1,洪鵾,,,,,,,,,,,,,,,,,,,,,,,,,,
327,《香港文學作家傳略》,梁羽生,陳文統,陳魯,馮瑜寧,梁慧如,,,,,,,,,,,,,,,,,,,,,,,,
328,《香港文學作家傳略》,梁秉中,same as column 1,,,,,,,,,,,,,,,,,,,,,,,,,,,
329,《香港文學作家傳略》,梁厚甫,same as column 1,梁寬,宋敏希,馮宏道,吳嘉璈,,,,,,,,,,,,,,,,,,,,,,,
330,《香港文學作家傳略》,梁荔玲,same as column 1,,,,,,,,,,,,,,,,,,,,,,,,,,,
331,《香港文學作家傳略》,梁望峰,same as column 1,,,,,,,,,,,,,,,,,,,,,,,,,,,
332,《香港文學作家傳略》,梁楓,梁慧珠,端木紅,,,,,,,,,,,,,,,,,,,,,,,,,,
333,《香港文學作家傳略》,梁漪,same as column 1,一葉,良伊,梅標,東琳,石葦,梅漂,,,,,,,,,,,,,,,,,,,,,
334,《香港文學作家傳略》,梁鳳儀,same as column 1,,,,,,,,,,,,,,,,,,,,,,,,,,,
335,《香港文學作家傳略》,梁濃剛,same as column 1,,,,,,,,,,,,,,,,,,,,,,,,,,,
336,《香港文學作家傳略》,梁錫華,梁佳蘿,,,,,,,,,,,,,,,,,,,,,,,,,,,
337,《香港文學作家傳略》,梁麗芳,same as column 1,梁楚,梁素,,,,,,,,,,,,,,,,,,,,,,,,,
338,《香港文學作家傳略》,章簡,羅章蘭,,,,,,,,,,,,,,,,,,,,,,,,,,,
339,《香港文學作家傳略》,許定銘,same as column 1,陶俊,午言,苗痕,,,,,,,,,,,,,,,,,,,,,,,,
340,《香港文學作家傳略》,許顯良,same as column 1,,,,,,,,,,,,,,,,,,,,,,,,,,,
341,《香港文學作家傳略》,許廸鏘,same as column 1,江游,江遊,葉思,王敏,小航,許迪鏘,,,,,,,,,,,,,,,,,,,,,
342,《香港文學作家傳略》,許榮輝,same as column 1,,,,,,,,,,,,,,,,,,,,,,,,,,,
343,《香港文學作家傳略》,郭全本,same as column 1,余向秀,振清,陳德榮,言無隱,,,,,,,,,,,,,,,,,,,,,,,
344,《香港文學作家傳略》,郭明,郭祥安,,,,,,,,,,,,,,,,,,,,,,,,,,,
345,《香港文學作家傳略》,郭恩慈,same as column 1,,,,,,,,,,,,,,,,,,,,,,,,,,,
346,《香港文學作家傳略》,康夫,葉新康,,,,,,,,,,,,,,,,,,,,,,,,,,,
347,《香港文學作家傳略》,梅子,張志和,海暘,張念青,張思園,海曦,,,,,,,,,,,,,,,,,,,,,,,
348,《香港文學作家傳略》,曹宏威,same as column 1,曹為,,,,,,,,,,,,,,,,,,,,,,,,,,
349,《香港文學作家傳略》,陶傑,曹捷,楊非劫,,,,,,,,,,,,,,,,,,,,,,,,,,
350,《香港文學作家傳略》,江河,same as column 1,紫莉,金刀,魯柏,,,,,,,,,,,,,,,,,,,,,,,,
351,《香港文學作家傳略》,畢華流,吳漢源,二壘手,吳伯江,,,,,,,,,,,,,,,,,,,,,,,,,
352,《香港文學作家傳略》,崑南,岑崑南,葉冬,,,,,,,,,,,,,,,,,,,,,,,,,,
353,《香港文學作家傳略》,犁青,same as column 1,徐彥,,,,,,,,,,,,,,,,,,,,,,,,,,
354,《香港文學作家傳略》,張小嫻,same as column 1,朱明,,,,,,,,,,,,,,,,,,,,,,,,,,
355,《香港文學作家傳略》,張文達,張孝權,林洵,,,,,,,,,,,,,,,,,,,,,,,,,,
356,《香港文學作家傳略》,張宇,周恒,,,,,,,,,,,,,,,,,,,,,,,,,,,
357,《香港文學作家傳略》,張帆,張景華,西河,,,,,,,,,,,,,,,,,,,,,,,,,,
358,《香港文學作家傳略》,張灼祥,same as column 1,,,,,,,,,,,,,,,,,,,,,,,,,,,
359,《香港文學作家傳略》,張弄潮,張婉明,,,,,,,,,,,,,,,,,,,,,,,,,,,
360,《香港文學作家傳略》,張君默,張景雲,甘莎,張少奇,張柳涯,,,,,,,,,,,,,,,,,,,,,,,,
361,《香港文學作家傳略》,張曼儀,same as column 1,之寧,淨沙,,,,,,,,,,,,,,,,,,,,,,,,,
362,《香港文學作家傳略》,張軫先,same as column 1,楞嚴閣主,,,,,,,,,,,,,,,,,,,,,,,,,,
363,《香港文學作家傳略》,張景熊,same as column 1,小克,,,,,,,,,,,,,,,,,,,,,,,,,,
364,《香港文學作家傳略》,張詩劍,張思鑒,東喬,劍鳴,張皓,尹謙,吳湧,范凌,,,,,,,,,,,,,,,,,,,,,
365,《香港文學作家傳略》,張漢基,same as column 1,張營,,,,,,,,,,,,,,,,,,,,,,,,,,
366,《香港文學作家傳略》,張夢還,張擴強,,,,,,,,,,,,,,,,,,,,,,,,,,,
367,《香港文學作家傳略》,張錯,張振翱,．．,,,,,,,,,,,,,,,,,,,,,,,,,,
368,《香港文學作家傳略》,張繼春,same as column 1,火心,長弓,,,,,,,,,,,,,,,,,,,,,,,,,
369,《香港文學作家傳略》,陳之藩,same as column 1,,,,,,,,,,,,,,,,,,,,,,,,,,,
370,《香港文學作家傳略》,陳凡,same as column 1,陳百庸,百庸,周為,夏初臨,阿甲,南鄙人,,,,,,,,,,,,,,,,,,,,,
371,《香港文學作家傳略》,陳文貴,same as column 1,伯仁,思婷,文龜,,,,,,,,,,,,,,,,,,,,,,,,
372,《香港文學作家傳略》,陳方,same as column 1,陳連心,,,,,,,,,,,,,,,,,,,,,,,,,,
373,《香港文學作家傳略》,陳不諱,陳振雷,陳文威,文威,金朝,白羊,大嬰,賀賀,齊也雪,閑君,欲真,謝珍朋,龐觀,雷兒,,,,,,,,,,,,,,,
374,《香港文學作家傳略》,陳少華,same as column 1,一文,小宛,筱文,陳一文,,,,,,,,,,,,,,,,,,,,,,,
375,《香港文學作家傳略》,陳玉書,same as column 1,陳書子,大款,,,,,,,,,,,,,,,,,,,,,,,,,
376,《香港文學作家傳略》,陳有㤧,same as column 1,陳有后,助樵,陳塵,,,,,,,,,,,,,,,,,,,,,,,,
378,《香港文學作家傳略》,陳青楓,陳致誠,陳志城,,,,,,,,,,,,,,,,,,,,,,,,,,
379,《香港文學作家傳略》,陳非,same as column 1,,,,,,,,,,,,,,,,,,,,,,,,,,,
380,《香港文學作家傳略》,陳昌敏,same as column 1,,,,,,,,,,,,,,,,,,,,,,,,,,,
381,《香港文學作家傳略》,陳炳元,same as column 1,雪汀,櫻子,,,,,,,,,,,,,,,,,,,,,,,,,
382,《香港文學作家傳略》,陳炳良,same as column 1,,,,,,,,,,,,,,,,,,,,,,,,,,,
383,《香港文學作家傳略》,陳炳藻,same as column 1,丙早,,,,,,,,,,,,,,,,,,,,,,,,,,
384,《香港文學作家傳略》,陳浩泉,陳維賢,夏洛桑,哥舒鷹,,,,,,,,,,,,,,,,,,,,,,,,,
385,《香港文學作家傳略》,陳家春,same as column 1,村語,,,,,,,,,,,,,,,,,,,,,,,,,,
386,《香港文學作家傳略》,陳娟,陳秀娟,,,,,,,,,,,,,,,,,,,,,,,,,,,
387,《香港文學作家傳略》,陳敢權,same as column 1,,,,,,,,,,,,,,,,,,,,,,,,,,,
388,《香港文學作家傳略》,陳惠英,same as column 1,倍思,,,,,,,,,,,,,,,,,,,,,,,,,,
389,《香港文學作家傳略》,陳殘雲,陳福才,方遠,准風月客,,,,,,,,,,,,,,,,,,,,,,,,,
390,《香港文學作家傳略》,陳葒,,,,,,,,,,,,,,,,,,,,,,,,,,,,
391,《香港文學作家傳略》,陳華英,same as column 1,,,,,,,,,,,,,,,,,,,,,,,,,,,
392,《香港文學作家傳略》,陳鈞潤,same as column 1,,,,,,,,,,,,,,,,,,,,,,,,,,,
393,《香港文學作家傳略》,陳載澧,same as column 1,,,,,,,,,,,,,,,,,,,,,,,,,,,
394,《香港文學作家傳略》,陳愷令,陳淑芳,愷令,奕朱,,,,,,,,,,,,,,,,,,,,,,,,,
395,《香港文學作家傳略》,陳蝶衣,陳滌夷,蝶衣,逋客,玉鴛生,狄薏,辛夷,陳式,方忭,陳聯,方達,夏威,明瑤,葉綠,文流,鮑華,佩瓊,郎潑來,,,,,,,,,,,
396,《香港文學作家傳略》,陳慧聰,same as column 1,斐翀,尤穎,逸名,方虹,,,,,,,,,,,,,,,,,,,,,,,
397,《香港文學作家傳略》,陳德錦,same as column 1,,,,,,,,,,,,,,,,,,,,,,,,,,,
398,《香港文學作家傳略》,陳錦昌,same as column 1,陳汗,,,,,,,,,,,,,,,,,,,,,,,,,,
399,《香港文學作家傳略》,陳韻文,same as column 1,,,,,,,,,,,,,,,,,,,,,,,,,,,
400,《香港文學作家傳略》,陳寶珍,same as column 1,龍女,悅悅,保真,,,,,,,,,,,,,,,,,,,,,,,,
401,《香港文學作家傳略》,陳耀南,same as column 1,梁山,,,,,,,,,,,,,,,,,,,,,,,,,,
402,《香港文學作家傳略》,陸健鴻,same as column 1,楚狂生,,,,,,,,,,,,,,,,,,,,,,,,,,
403,《香港文學作家傳略》,陸離,陸慶珍,小慶,文妤,陸蠻,綠離,施也可,房素娃,方斯華,范淑雅,劉方,小離,小鹿,,,,,,,,,,,,,,,,
404,《香港文學作家傳略》,陶里,危亦健,阮放,,,,,,,,,,,,,,,,,,,,,,,,,,
405,《香港文學作家傳略》,陶然,涂乃賢,,,,,,,,,,,,,,,,,,,,,,,,,,,
406,《香港文學作家傳略》,湯禎兆,same as column 1,,,,,,,,,,,,,,,,,,,,,,,,,,,
407,《香港文學作家傳略》,溫海,same as column 1,夢軒,紫軒,楓濤,紫楓,思芹,,,,,,,,,,,,,,,,,,,,,,
408,《香港文學作家傳略》,溫紹賢,same as column 1,崗楓,江楓,汝範,,,,,,,,,,,,,,,,,,,,,,,,
409,《香港文學作家傳略》,溫瑞安,same as column 1,溫涼玉,舒俠舞,王山而,項飛夢,溫晚,柳眉色,風玲草,,,,,,,,,,,,,,,,,,,,
410,《香港文學作家傳略》,寒山碧,韓文甫,周存,天疇,韓天疇,待旦,,,,,,,,,,,,,,,,,,,,,,,
411,《香港文學作家傳略》,馮兩努,馮國輝,國喜,,,,,,,,,,,,,,,,,,,,,,,,,,
412,《香港文學作家傳略》,馮浪波,same as column 1,馮定山,長風,楊其波,程怒江,馮五橋,,,,,,,,,,,,,,,,,,,,,,
413,《香港文學作家傳略》,馮偉才,same as column 1,,,,,,,,,,,,,,,,,,,,,,,,,,,
414,《香港文學作家傳略》,馮湘湘,馮穗芳,湘湘,書茵,湘女,淇淇,,,,,,,,,,,,,,,,,,,,,,,
415,《香港文學作家傳略》,馮嘉,馮大徫,馮大衛,,,,,,,,,,,,,,,,,,,,,,,,,,
416,《香港文學作家傳略》,馮鳳三,馮元祥,馮蘅,司明,鳳三,梁霞,,,,,,,,,,,,,,,,,,,,,,,
417,《香港文學作家傳略》,曾柱昭,same as column 1,,,,,,,,,,,,,,,,,,,,,,,,,,,
418,《香港文學作家傳略》,曾敏之,same as column 1,潔塵,省身,,,,,,,,,,,,,,,,,,,,,,,,,
419,《香港文學作家傳略》,雲碧琳,林碧雲,,,,,,,,,,,,,,,,,,,,,,,,,,,
420,《香港文學作家傳略》,彭浩翔,same as column 1,,,,,,,,,,,,,,,,,,,,,,,,,,,
421,《香港文學作家傳略》,黃子華,same as column 1,,,,,,,,,,,,,,,,,,,,,,,,,,,
422,《香港文學作家傳略》,黃子程,same as column 1,,,,,,,,,,,,,,,,,,,,,,,,,,,
423,《香港文學作家傳略》,黃文湘,same as column 1,玲玲,洛鳳城,,,,,,,,,,,,,,,,,,,,,,,,,
424,《香港文學作家傳略》,黃永玉,same as column 1,張觀保,黃笛,江汶,老獺,椿屋大郎,,,,,,,,,,,,,,,,,,,,,,
425,《香港文學作家傳略》,黃河浪,黃世連,洪荒,,,,,,,,,,,,,,,,,,,,,,,,,,
426,《香港文學作家傳略》,黃坤堯,same as column 1,清懷,,,,,,,,,,,,,,,,,,,,,,,,,,
427,《香港文學作家傳略》,黃奇智,same as column 1,,,,,,,,,,,,,,,,,,,,,,,,,,,
428,《香港文學作家傳略》,黃易,黃祖強,黃木,,,,,,,,,,,,,,,,,,,,,,,,,,
429,《香港文學作家傳略》,黃南翔,same as column 1,楊翼,,,,,,,,,,,,,,,,,,,,,,,,,,
430,《香港文學作家傳略》,黃苗子,same as column 1,苗子,,,,,,,,,,,,,,,,,,,,,,,,,,
431,《香港文學作家傳略》,黃俊東,same as column 1,克亮,黃克亮,余樂山,,,,,,,,,,,,,,,,,,,,,,,,
432,《香港文學作家傳略》,黃康顯,same as column 1,黃傲雲,,,,,,,,,,,,,,,,,,,,,,,,,,
433,《香港文學作家傳略》,黃國彬,same as column 1,,,,,,,,,,,,,,,,,,,,,,,,,,,
434,《香港文學作家傳略》,黃碧雲,same as column 1,,,,,,,,,,,,,,,,,,,,,,,,,,,
435,《香港文學作家傳略》,黃蒙田,黃草予,黃茅,黃芧,戴斯文,復堂,裕園,漫客,,,,,,,,,,,,,,,,,,,,,
436,《香港文學作家傳略》,黃幗坤,same as column 1,谷穎,,,,,,,,,,,,,,,,,,,,,,,,,,
437,《香港文學作家傳略》,黃嫣梨,same as column 1,,,,,,,,,,,,,,,,,,,,,,,,,,,
438,《香港文學作家傳略》,黃維樑,same as column 1,,,,,,,,,,,,,,,,,,,,,,,,,,,
439,《香港文學作家傳略》,黃慶雲,same as column 1,雲姊姊,,,,,,,,,,,,,,,,,,,,,,,,,,
440,《香港文學作家傳略》,黃德偉,same as column 1,,,,,,,,,,,,,,,,,,,,,,,,,,,
441,《香港文學作家傳略》,黃霑,黃湛森,黃亦芹,亦芹,不文霑,,,,,,,,,,,,,,,,,,,,,,,,
442,《香港文學作家傳略》,黃襄,黃志光,野牛,王商,,,,,,,,,,,,,,,,,,,,,,,,,
443,《香港文學作家傳略》,黃燦然,same as column 1,,,,,,,,,,,,,,,,,,,,,,,,,,,
444,《香港文學作家傳略》,黃繩,黃承燊,,,,,,,,,,,,,,,,,,,,,,,,,,,
445,《香港文學作家傳略》,黃繼持,same as column 1,,,,,,,,,,,,,,,,,,,,,,,,,,,
446,《香港文學作家傳略》,舒巷城,王深泉,秦西寧,方維,邱江海,舒文朗,尤加多,石流金,秦可,王烙,,,,,,,,,,,,,,,,,,,
447,《香港文學作家傳略》,舒非,蔡嘉蘋,,,,,,,,,,,,,,,,,,,,,,,,,,,
448,《香港文學作家傳略》,程乃珊,same as column 1,,,,,,,,,,,,,,,,,,,,,,,,,,,
449,《香港文學作家傳略》,今聖嘆,程靖宇,綏楚,程綏楚,,,,,,,,,,,,,,,,,,,,,,,,,
450,《香港文學作家傳略》,傅天虹,楊來順,,,,,,,,,,,,,,,,,,,,,,,,,,,
451,《香港文學作家傳略》,費愛娜,高珞琳,Phiena,,,,,,,,,,,,,,,,,,,,,,,,,,
452,《香港文學作家傳略》,逯耀東,same as column 1,,,,,,,,,,,,,,,,,,,,,,,,,,,
453,《香港文學作家傳略》,楊村,陳良光,,,,,,,,,,,,,,,,,,,,,,,,,,,
454,《香港文學作家傳略》,楊昆岡,same as column 1,,,,,,,,,,,,,,,,,,,,,,,,,,,
455,《香港文學作家傳略》,楊明顯,same as column 1,濮陽彌,,,,,,,,,,,,,,,,,,,,,,,,,,
456,《香港文學作家傳略》,楊賈郎,same as column 1,楊帆,楊梅,楊翼,,,,,,,,,,,,,,,,,,,,,,,,
457,《香港文學作家傳略》,楊夢如,楊夢茹,夢如,,,,,,,,,,,,,,,,,,,,,,,,,,
458,《香港文學作家傳略》,楊際光,same as column 1,貝娜苔,羅鏐,,,,,,,,,,,,,,,,,,,,,,,,,
459,《香港文學作家傳略》,楊毅,same as column 1,楊琳,青谷彥,,,,,,,,,,,,,,,,,,,,,,,,,
460,《香港文學作家傳略》,楊熾均,same as column 1,楊慕白,慕白,羊城,天粟,振輝,棖輝,,,,,,,,,,,,,,,,,,,,,
461,《香港文學作家傳略》,楊興安,same as column 1,揚子江,華安,,,,,,,,,,,,,,,,,,,,,,,,,
462,《香港文學作家傳略》,葉特生,same as column 1,,,,,,,,,,,,,,,,,,,,,,,,,,,
463,《香港文學作家傳略》,葉娓娜,same as column 1,          ,,,,,,,,,,,,,,,,,,,,,,,,,,
464,《香港文學作家傳略》,葉維廉,same as column 1,,,,,,,,,,,,,,,,,,,,,,,,,,,
465,《香港文學作家傳略》,葉輝,葉德輝,葉彤,鯨鯨,方川介,,,,,,,,,,,,,,,,,,,,,,,,
466,《香港文學作家傳略》,葉龍,same as column 1,葉夢飛,夢飛,,,,,,,,,,,,,,,,,,,,,,,,,
467,《香港文學作家傳略》,葉辭,何志英,,,,,,,,,,,,,,,,,,,,,,,,,,,
468,《香港文學作家傳略》,董千里,same as column 1,項莊,,,,,,,,,,,,,,,,,,,,,,,,,,
469,《香港文學作家傳略》,董啟章,same as column 1,,,,,,,,,,,,,,,,,,,,,,,,,,,
470,《香港文學作家傳略》,董橋,董存爵,,,,,,,,,,,,,,,,,,,,,,,,,,,
471,《香港文學作家傳略》,葦鳴,鄭煒明,,,,,,,,,,,,,,,,,,,,,,,,,,,
472,《香港文學作家傳略》,農婦,孫淡寧,張昭明,紫箋,,,,,,,,,,,,,,,,,,,,,,,,,
473,《香港文學作家傳略》,過來人,蕭豔清,蕭艷清,蕭思樓,阿筱,蕭郎,,,,,,,,,,,,,,,,,,,,,,,
474,《香港文學作家傳略》,圓圓,莫圓莊,綠袖子,莫園莊,,,,,,,,,,,,,,,,,,,,,,,,,
475,《香港文學作家傳略》,飲江,劉以正,,,,,,,,,,,,,,,,,,,,,,,,,,,
476,《香港文學作家傳略》,漢聞,黃貫文,文君,吳秋,蔣維,海倫,黃貴文,,,,,,,,,,,,,,,,,,,,,,
477,《香港文學作家傳略》,廖一原,same as column 1,廖源,廖滌生,李源,俞遠,遼遠,李健之,李龍,何朝榮,黎於羣,黎於群,,,,,,,,,,,,,,,,,
478,《香港文學作家傳略》,廖鳳明,same as column 1,,,,,,,,,,,,,,,,,,,,,,,,,,,
479,《香港文學作家傳略》,齊桓,孫述憲,夏侯無忌,宣子,維摩,,,,,,,,,,,,,,,,,,,,,,,,
480,《香港文學作家傳略》,趙令揚,same as column 1,,,,,,,,,,,,,,,,,,,,,,,,,,,
481,《香港文學作家傳略》,趙美薇,same as column 1,余愛山,愛山,愛彌兒,芙羅拉,,,,,,,,,,,,,,,,,,,,,,,
482,《香港文學作家傳略》,裴立平,same as column 1,,,,,,,,,,,,,,,,,,,,,,,,,,,
483,《香港文學作家傳略》,裴有明,same as column 1,郁明,白蓮花,,,,,,,,,,,,,,,,,,,,,,,,,
484,《香港文學作家傳略》,綠騎士,陳重馨,,,,,,,,,,,,,,,,,,,,,,,,,,,
485,《香港文學作家傳略》,潘明珠,same as column 1,英明,,,,,,,,,,,,,,,,,,,,,,,,,,
486,《香港文學作家傳略》,潘金英,same as column 1,英明,竹思,金英,,,,,,,,,,,,,,,,,,,,,,,,
487,《香港文學作家傳略》,潘銘燊,same as column 1,,,,,,,,,,,,,,,,,,,,,,,,,,,
488,《香港文學作家傳略》,潘耀明,same as column 1,彥火,艾火,,,,,,,,,,,,,,,,,,,,,,,,,
489,《香港文學作家傳略》,鄭子瑜,same as column 1,龍一程,,,,,,,,,,,,,,,,,,,,,,,,,,
490,《香港文學作家傳略》,鄭官哲,鄭樹能,,,,,,,,,,,,,,,,,,,,,,,,,,,
491,《香港文學作家傳略》,鄭炯堅,same as column 1,鄭騏堅,騏堅,,,,,,,,,,,,,,,,,,,,,,,,,
492,《香港文學作家傳略》,鄭樹森,same as column 1,鄭臻,,,,,,,,,,,,,,,,,,,,,,,,,,
493,《香港文學作家傳略》,鄭鏡明,same as column 1,,,,,,,,,,,,,,,,,,,,,,,,,,,
494,《香港文學作家傳略》,歐陽芃,劉琦璋,嘉琦,,,,,,,,,,,,,,,,,,,,,,,,,,
495,《香港文學作家傳略》,慕容羽軍,李維克,李影,,,,,,,,,,,,,,,,,,,,,,,,,,
496,《香港文學作家傳略》,蓬草,馮淑燕,,,,,,,,,,,,,,,,,,,,,,,,,,,
497,《香港文學作家傳略》,蔡炎培,same as column 1,杜紅,P.S.,葉影予,易象,陸醜,李孝銅,蔡銳強,,,,,,,,,,,,,,,,,,,,
498,《香港文學作家傳略》,蔡益懷,same as column 1,梁山,阿川,谷風,,,,,,,,,,,,,,,,,,,,,,,,
499,《香港文學作家傳略》,蔡振興,same as column 1,松木,,,,,,,,,,,,,,,,,,,,,,,,,,
500,《香港文學作家傳略》,蔡瀾,same as column 1,,,,,,,,,,,,,,,,,,,,,,,,,,,
501,《香港文學作家傳略》,蔣芸,same as column 1,蔣清秀,清閒散人,,,,,,,,,,,,,,,,,,,,,,,,,
502,《香港文學作家傳略》,蔣英豪,same as column 1,丹青,姜遙,聶華昭,蔡玄,,,,,,,,,,,,,,,,,,,,,,,
503,《香港文學作家傳略》,黎兆麟,same as column 1,莉小容,貝西兒,,,,,,,,,,,,,,,,,,,,,,,,,
504,《香港文學作家傳略》,黎活仁,same as column 1,,,,,,,,,,,,,,,,,,,,,,,,,,,
505,《香港文學作家傳略》,黎海華,范鳳華,,,,,,,,,,,,,,,,,,,,,,,,,,,
506,《香港文學作家傳略》,劉以鬯,劉同繹,劉昌年,藍瑙,葛里哥,林荷苓,太平山人,,,,,,,,,,,,,,,,,,,,,,
507,《香港文學作家傳略》,劉百達,same as column 1,榕江,榕夫,,,,,,,,,,,,,,,,,,,,,,,,,
508,《香港文學作家傳略》,劉紹銘,same as column 1,二殘,,,,,,,,,,,,,,,,,,,,,,,,,,
509,《香港文學作家傳略》,劉創楚,same as column 1,劉懷芝,,,,,,,,,,,,,,,,,,,,,,,,,,
510,《香港文學作家傳略》,劉靖之,same as column 1,,,,,,,,,,,,,,,,,,,,,,,,,,,
511,《香港文學作家傳略》,劉達文,same as column 1,蘇立文,曉沖,羅汝佳,,,,,,,,,,,,,,,,,,,,,,,,
512,《香港文學作家傳略》,劉殿爵,same as column 1,,,,,,,,,,,,,,,,,,,,,,,,,,,
513,《香港文學作家傳略》,劉樹華,same as column 1,清風,清雲,樹華,,,,,,,,,,,,,,,,,,,,,,,,
514,《香港文學作家傳略》,劉濟昆,same as column 1,亞答子,秋澗,,,,,,,,,,,,,,,,,,,,,,,,,
515,《香港文學作家傳略》,鄧小宇,same as column 1,,,,,,,,,,,,,,,,,,,,,,,,,,,
516,《香港文學作家傳略》,鄧志成,same as column 1,明昏,,,,,,,,,,,,,,,,,,,,,,,,,,
517,《香港文學作家傳略》,鄧阿藍,鄧文耀,阿藍,,,,,,,,,,,,,,,,,,,,,,,,,,
518,《香港文學作家傳略》,燕雲,邱然,燕歸來,,,,,,,,,,,,,,,,,,,,,,,,,,
519,《香港文學作家傳略》,駱笑平,same as column 1,,,,,,,,,,,,,,,,,,,,,,,,,,,
520,《香港文學作家傳略》,駱賓路,楊書楚,木易,徐樂,林之,,,,,,,,,,,,,,,,,,,,,,,,
521,《香港文學作家傳略》,盧文敏,盧澤漢,,,,,,,,,,,,,,,,,,,,,,,,,,,
522,《香港文學作家傳略》,盧因,盧昭靈,洛保羅,林紹貞,張學玄,何森,陳靈實,唐山客,,,,,,,,,,,,,,,,,,,,,
523,《香港文學作家傳略》,盧青雲,same as column 1,唐羚,,,,,,,,,,,,,,,,,,,,,,,,,,
524,《香港文學作家傳略》,盧柏棠,same as column 1,,,,,,,,,,,,,,,,,,,,,,,,,,,
525,《香港文學作家傳略》,盧偉力,same as column 1,,,,,,,,,,,,,,,,,,,,,,,,,,,
526,《香港文學作家傳略》,盧敦,same as column 1,,,,,,,,,,,,,,,,,,,,,,,,,,,
527,《香港文學作家傳略》,曉帆,鄭天寶,駒影,高山青,,,,,,,,,,,,,,,,,,,,,,,,,
528,《香港文學作家傳略》,鮑慧晶,same as column 1,白石,慧晶,海靈,,,,,,,,,,,,,,,,,,,,,,,,
529,《香港文學作家傳略》,鮑耀明,same as column 1,成仲恩,甘牛,杰,甘中,,,,,,,,,,,,,,,,,,,,,,,
530,《香港文學作家傳略》,上官寶倫,遲寶倫,,,,,,,,,,,,,,,,,,,,,,,,,,,
531,《香港文學作家傳略》,謝雨凝,周落霞,,,,,,,,,,,,,,,,,,,,,,,,,,,
532,《香港文學作家傳略》,鍾玲,same as column 1,,,,,,,,,,,,,,,,,,,,,,,,,,,
533,《香港文學作家傳略》,鍾玲玲,same as column 1,,,,,,,,,,,,,,,,,,,,,,,,,,,
534,《香港文學作家傳略》,鍾國強,same as column 1,,,,,,,,,,,,,,,,,,,,,,,,,,,
535,《香港文學作家傳略》,鍾偉民,same as column 1,,,,,,,,,,,,,,,,,,,,,,,,,,,
536,《香港文學作家傳略》,鍾景輝,same as column 1,,,,,,,,,,,,,,,,,,,,,,,,,,,
537,《香港文學作家傳略》,鍾曉陽,same as column 1,,,,,,,,,,,,,,,,,,,,,,,,,,,
538,《香港文學作家傳略》,繆啟源,same as column 1,繆思,,,,,,,,,,,,,,,,,,,,,,,,,,
539,《香港文學作家傳略》,顏純鈎,same as column 1,顏純鉤,慕翼,斯人,,,,,,,,,,,,,,,,,,,,,,,,
540,《香港文學作家傳略》,戴天,戴成義,,,,,,,,,,,,,,,,,,,,,,,,,,,
541,《香港文學作家傳略》,戴玉明,same as column 1,,,,,,,,,,,,,,,,,,,,,,,,,,,
542,《香港文學作家傳略》,聶適之,same as column 1,,,,,,,,,,,,,,,,,,,,,,,,,,,
543,《香港文學作家傳略》,藍海文,藍田,,,,,,,,,,,,,,,,,,,,,,,,,,,
544,《香港文學作家傳略》,簡而清,same as column 1,,,,,,,,,,,,,,,,,,,,,,,,,,,
545,《香港文學作家傳略》,魏中天,same as column 1,,,,,,,,,,,,,,,,,,,,,,,,,,,
546,《香港文學作家傳略》,璧華,紀馥華,懷冰,紀璧華,,,,,,,,,,,,,,,,,,,,,,,,,
547,《香港文學作家傳略》,譚仲夏,same as column 1,丁戈,邵逸天,吹公,柳黛,,,,,,,,,,,,,,,,,,,,,,,
548,《香港文學作家傳略》,譚秀牧,譚錦超,藝莎,,,,,,,,,,,,,,,,,,,,,,,,,,
549,《香港文學作家傳略》,譚帝森,same as column 1,樹影,,,,,,,,,,,,,,,,,,,,,,,,,,
550,《香港文學作家傳略》,譚福基,same as column 1,葉鳳溪,李戈,,,,,,,,,,,,,,,,,,,,,,,,,
551,《香港文學作家傳略》,關志雄,same as column 1,關君風,君風,司馬居,玉窗,,,,,,,,,,,,,,,,,,,,,,,
552,《香港文學作家傳略》,關傑棠,same as column 1,,,,,,,,,,,,,,,,,,,,,,,,,,,
553,《香港文學作家傳略》,關夢南,關木衡,,,,,,,,,,,,,,,,,,,,,,,,,,,
554,《香港文學作家傳略》,關衛寧,same as column 1,乘風,醜奴兒,關慧靈,德馨,黃山,志文,關衛靈,,,,,,,,,,,,,,,,,,,,
555,《香港文學作家傳略》,羅少文,same as column 1,宇南,,,,,,,,,,,,,,,,,,,,,,,,,,
556,《香港文學作家傳略》,羅孚,羅承勳,絲韋,柳蘇,辛文芷,吳令湄,文絲,石髮,史復,封建餘,,,,,,,,,,,,,,,,,,,
557,《香港文學作家傳略》,羅琅,same as column 1,羅隼,羅漫,林琅,,,,,,,,,,,,,,,,,,,,,,,,
558,《香港文學作家傳略》,羅貴祥,same as column 1,,,,,,,,,,,,,,,,,,,,,,,,,,,
559,《香港文學作家傳略》,羅慷烈,same as column 1,,,,,,,,,,,,,,,,,,,,,,,,,,,
560,《香港文學作家傳略》,嚴沁,same as column 1,,,,,,,,,,,,,,,,,,,,,,,,,,,
561,《香港文學作家傳略》,嚴浩,same as column 1,阿不拉提,芒夏,,,,,,,,,,,,,,,,,,,,,,,,,
562,《香港文學作家傳略》,蘭心,陳端,,,,,,,,,,,,,,,,,,,,,,,,,,,
563,《香港文學作家傳略》,饒宗頤,same as column 1,饒伯濂,伯濂,伯子,饒伯子,固庵,選堂,,,,,,,,,,,,,,,,,,,,,
564,《香港文學作家傳略》,靈石,鄭健羣,鄭健群,,,,,,,,,,,,,,,,,,,,,,,,,,
565,《香港文學作家傳略》,羈魂,胡國賢,,,,,,,,,,,,,,,,,,,,,,,,,,,
566,“H.K. Author List_20160503_2” ,王方,same as column 1,王智濃,,,,,,,,,,,,,,,,,,,,,,,,,,
567,“H.K. Author List_20160503_2” ,王德海,same as column 1,,,,,,,,,,,,,,,,,,,,,,,,,,,
568,“H.K. Author List_20160503_2” ,王涯,same as column 1,,,,,,,,,,,,,,,,,,,,,,,,,,,
569,“H.K. Author List_20160503_2” ,朱道忠,same as column 1,,,,,,,,,,,,,,,,,,,,,,,,,,,
570,“H.K. Author List_20160503_2” ,江迅,same as column 1,,,,,,,,,,,,,,,,,,,,,,,,,,,
571,“H.K. Author List_20160503_2” ,江揚,same as column 1,,,,,,,,,,,,,,,,,,,,,,,,,,,
572,“H.K. Author List_20160503_2” ,西彤,same as column 1,,,,,,,,,,,,,,,,,,,,,,,,,,,
573,“H.K. Author List_20160503_2” ,西門丁,same as column 1,,,,,,,,,,,,,,,,,,,,,,,,,,,
574,“H.K. Author List_20160503_2” ,李桂添,same as column 1,,,,,,,,,,,,,,,,,,,,,,,,,,,
575,“H.K. Author List_20160503_2” ,李若梅,same as column 1,,,,,,,,,,,,,,,,,,,,,,,,,,,
576,“H.K. Author List_20160503_2” ,李方,same as column 1,,,,,,,,,,,,,,,,,,,,,,,,,,,
577,“H.K. Author List_20160503_2” ,何絲琳,same as column 1,,,,,,,,,,,,,,,,,,,,,,,,,,,
578,“H.K. Author List_20160503_2” ,何沛雄,same as column 1,,,,,,,,,,,,,,,,,,,,,,,,,,,
579,“H.K. Author List_20160503_2” ,杜明明,same as column 1,,,,,,,,,,,,,,,,,,,,,,,,,,,
580,“H.K. Author List_20160503_2” ,阮溪沙,same as column 1,,,,,,,,,,,,,,,,,,,,,,,,,,,
581,“H.K. Author List_20160503_2” ,沈勵桓,same as column 1,,,,,,,,,,,,,,,,,,,,,,,,,,,
582,“H.K. Author List_20160503_2” ,邱婷婷,same as column 1,,,,,,,,,,,,,,,,,,,,,,,,,,,
583,“H.K. Author List_20160503_2” ,吳偉華,same as column 1,,,,,,,,,,,,,,,,,,,,,,,,,,,
584,“H.K. Author List_20160503_2” ,吳淮清,same as column 1,,,,,,,,,,,,,,,,,,,,,,,,,,,
585,“H.K. Author List_20160503_2” ,林子,same as column 1,,,,,,,,,,,,,,,,,,,,,,,,,,,
586,“H.K. Author List_20160503_2” ,林耕,same as column 1,,,,,,,,,,,,,,,,,,,,,,,,,,,
587,“H.K. Author List_20160503_2” ,林祥鎬,same as column 1,,,,,,,,,,,,,,,,,,,,,,,,,,,
588,“H.K. Author List_20160503_2” ,施議對,same as column 1,,,,,,,,,,,,,,,,,,,,,,,,,,,
589,“H.K. Author List_20160503_2” ,胡少璋,same as column 1,,,,,,,,,,,,,,,,,,,,,,,,,,,
590,“H.K. Author List_20160503_2” ,姚永康,same as column 1,,,,,,,,,,,,,,,,,,,,,,,,,,,
591,“H.K. Author List_20160503_2” ,夏萍,same as column 1,,,,,,,,,,,,,,,,,,,,,,,,,,,
592,“H.K. Author List_20160503_2” ,唐至量,same as column 1,,,,,,,,,,,,,,,,,,,,,,,,,,,
593,“H.K. Author List_20160503_2” ,容若,劉晟,,,,,,,,,,,,,,,,,,,,,,,,,,,
594,“H.K. Author List_20160503_2” ,秦島,same as column 1,,,,,,,,,,,,,,,,,,,,,,,,,,,
595,“H.K. Author List_20160503_2” ,倪振良,same as column 1,,,,,,,,,,,,,,,,,,,,,,,,,,,
596,“H.K. Author List_20160503_2” ,馬文通,same as column 1,,,,,,,,,,,,,,,,,,,,,,,,,,,
597,“H.K. Author List_20160503_2” ,翁京華,same as column 1,,,,,,,,,,,,,,,,,,,,,,,,,,,
598,“H.K. Author List_20160503_2” ,孫樹棻,same as column 1,,,,,,,,,,,,,,,,,,,,,,,,,,,
599,“H.K. Author List_20160503_2” ,張立,same as column 1,,,,,,,,,,,,,,,,,,,,,,,,,,,
600,“H.K. Author List_20160503_2” ,張文中,same as column 1,,,,,,,,,,,,,,,,,,,,,,,,,,,
601,“H.K. Author List_20160503_2” ,張振雄,same as column 1,,,,,,,,,,,,,,,,,,,,,,,,,,,
602,“H.K. Author List_20160503_2” ,張圭陽,same as column 1,,,,,,,,,,,,,,,,,,,,,,,,,,,
603,“H.K. Author List_20160503_2” ,張莉莉,same as column 1,,,,,,,,,,,,,,,,,,,,,,,,,,,
605,“H.K. Author List_20160503_2” ,陳金蘭,same as column 1,,,,,,,,,,,,,,,,,,,,,,,,,,,
606,“H.K. Author List_20160503_2” ,陳潞,same as column 1,,,,,,,,,,,,,,,,,,,,,,,,,,,
607,“H.K. Author List_20160503_2” ,陳堅,,,,,,,,,,,,,,,,,,,,,,,,,,,,
608,“H.K. Author List_20160503_2” ,陳藩庚,same as column 1,盼耕,盼庚,,,,,,,,,,,,,,,,,,,,,,,,,
609,“H.K. Author List_20160503_2” ,陳云根,same as column 1,陳雲,,,,,,,,,,,,,,,,,,,,,,,,,,
610,“H.K. Author List_20160503_2” ,陳淑安,same as column 1,,,,,,,,,,,,,,,,,,,,,,,,,,,
611,“H.K. Author List_20160503_2” ,梅節,same as column 1,,,,,,,,,,,,,,,,,,,,,,,,,,,
612,“H.K. Author List_20160503_2” ,梅創基,same as column 1,,,,,,,,,,,,,,,,,,,,,,,,,,,
613,“H.K. Author List_20160503_2” ,琅璧,same as column 1,,,,,,,,,,,,,,,,,,,,,,,,,,,
614,“H.K. Author List_20160503_2” ,許子東,same as column 1,,,,,,,,,,,,,,,,,,,,,,,,,,,
615,“H.K. Author List_20160503_2” ,許桂林,same as column 1,,,,,,,,,,,,,,,,,,,,,,,,,,,
616,“H.K. Author List_20160503_2” ,莊俊藝,same as column 1,,,,,,,,,,,,,,,,,,,,,,,,,,,
617,“H.K. Author List_20160503_2” ,章日永,same as column 1,,,,,,,,,,,,,,,,,,,,,,,,,,,
618,“H.K. Author List_20160503_2” ,梁華健,same as column 1,,,,,,,,,,,,,,,,,,,,,,,,,,,
619,“H.K. Author List_20160503_2” ,黃向明,same as column 1,,,,,,,,,,,,,,,,,,,,,,,,,,,
620,“H.K. Author List_20160503_2” ,黃永剛,same as column 1,,,,,,,,,,,,,,,,,,,,,,,,,,,
621,“H.K. Author List_20160503_2” ,黃珮玉,same as column 1,,,,,,,,,,,,,,,,,,,,,,,,,,,
622,“H.K. Author List_20160503_2” ,黃虹堅,same as column 1,,,,,,,,,,,,,,,,,,,,,,,,,,,
623,“H.K. Author List_20160503_2” ,連芸,same as column 1,,,,,,,,,,,,,,,,,,,,,,,,,,,
624,“H.K. Author List_20160503_2” ,傅小華,same as column 1,,,,,,,,,,,,,,,,,,,,,,,,,,,
625,“H.K. Author List_20160503_2” ,華莎,same as column 1,,,,,,,,,,,,,,,,,,,,,,,,,,,
626,“H.K. Author List_20160503_2” ,雲利生,same as column 1,,,,,,,,,,,,,,,,,,,,,,,,,,,
627,“H.K. Author List_20160503_2” ,馮凌霄,same as column 1,,,,,,,,,,,,,,,,,,,,,,,,,,,
628,“H.K. Author List_20160503_2” ,楊柳風,same as column 1,,,,,,,,,,,,,,,,,,,,,,,,,,,
629,“H.K. Author List_20160503_2” ,楊莉君,same as column 1,,,,,,,,,,,,,,,,,,,,,,,,,,,
630,“H.K. Author List_20160503_2” ,楊芳菲,same as column 1,,,,,,,,,,,,,,,,,,,,,,,,,,,
631,“H.K. Author List_20160503_2” ,楊紹箕,same as column 1,,,,,,,,,,,,,,,,,,,,,,,,,,,
632,“H.K. Author List_20160503_2” ,葛新,same as column 1,,,,,,,,,,,,,,,,,,,,,,,,,,,
633,“H.K. Author List_20160503_2” ,鄭貞,same as column 1,,,,,,,,,,,,,,,,,,,,,,,,,,,
634,“H.K. Author List_20160503_2” ,鄭炳南,same as column 1,,,,,,,,,,,,,,,,,,,,,,,,,,,
635,“H.K. Author List_20160503_2” ,鄭紀農,same as column 1,,,,,,,,,,,,,,,,,,,,,,,,,,,
636,“H.K. Author List_20160503_2” ,鄭麗貞,same as column 1,,,,,,,,,,,,,,,,,,,,,,,,,,,
637,“H.K. Author List_20160503_2” ,劉於斯,same as column 1,,,,,,,,,,,,,,,,,,,,,,,,,,,
638,“H.K. Author List_20160503_2” ,劉錦城,same as column 1,,,,,,,,,,,,,,,,,,,,,,,,,,,
639,“H.K. Author List_20160503_2” ,劉素儀,same as column 1,,,,,,,,,,,,,,,,,,,,,,,,,,,
640,“H.K. Author List_20160503_2” ,劉鳳鸞,same as column 1,,,,,,,,,,,,,,,,,,,,,,,,,,,
641,“H.K. Author List_20160503_2” ,賴風,same as column 1,,,,,,,,,,,,,,,,,,,,,,,,,,,
642,“H.K. Author List_20160503_2” ,張敏,same as column 1,,,,,,,,,,,,,,,,,,,,,,,,,,,
643,“H.K. Author List_20160503_2” ,潘亞暾,same as column 1,,,,,,,,,,,,,,,,,,,,,,,,,,,
644,“H.K. Author List_20160503_2” ,蔡敦祺,same as column 1,,,,,,,,,,,,,,,,,,,,,,,,,,,
645,“H.K. Author List_20160503_2” ,魯風,same as column 1,,,,,,,,,,,,,,,,,,,,,,,,,,,
646,“H.K. Author List_20160503_2” ,談耘,,,,,,,,,,,,,,,,,,,,,,,,,,,,
647,“H.K. Author List_20160503_2” ,鍾子美,same as column 1,,,,,,,,,,,,,,,,,,,,,,,,,,,
648,“H.K. Author List_20160503_2” ,鍾毓材,same as column 1,,,,,,,,,,,,,,,,,,,,,,,,,,,
649,“H.K. Author List_20160503_2” ,戴方,same as column 1,,,,,,,,,,,,,,,,,,,,,,,,,,,
650,“H.K. Author List_20160503_2” ,薛后,same as column 1,,,,,,,,,,,,,,,,,,,,,,,,,,,
651,“H.K. Author List_20160503_2” ,羅乃萱,same as column 1,,,,,,,,,,,,,,,,,,,,,,,,,,,
652,“H.K. Author List_20160503_2” ,蘇狄嘉,same as column 1,,,,,,,,,,,,,,,,,,,,,,,,,,,
653,“H.K. Author List_20160503_2” ,關夕芝,same as column 1,,,,,,,,,,,,,,,,,,,,,,,,,,,
654,“H.K. Author List_20160503_2” ,凌鋒,same as column 1,,,,,,,,,,,,,,,,,,,,,,,,,,,
655,“H.K. Author List_20160503_2” ,蘇庚哲,same as column 1,,,,,,,,,,,,,,,,,,,,,,,,,,,
656,“H.K. Author List_20160503_2” ,吳道子,same as column 1,,,,,,,,,,,,,,,,,,,,,,,,,,,
657,“H.K. Author List_20160503_2” ,黎文卓,same as column 1,,,,,,,,,,,,,,,,,,,,,,,,,,,
658,“H.K. Author List_20160503_2” ,方梓勳,same as column 1,,,,,,,,,,,,,,,,,,,,,,,,,,,
659,“H.K. Author List_20160503_2” ,司徒華,same as column 1,向天海,,,,,,,,,,,,,,,,,,,,,,,,,,
660,“H.K. Author List_20160503_2” ,危令敦,same as column 1,凌鈍,,,,,,,,,,,,,,,,,,,,,,,,,,
661,“H.K. Author List_20160503_2” ,余非,same as column 1,,,,,,,,,,,,,,,,,,,,,,,,,,,
662,“H.K. Author List_20160503_2” ,杜家祁,same as column 1,,,,,,,,,,,,,,,,,,,,,,,,,,,
663,“H.K. Author List_20160503_2” ,林幸謙,same as column 1,,,,,,,,,,,,,,,,,,,,,,,,,,,
664,“H.K. Author List_20160503_2” ,張五常,same as column 1,,,,,,,,,,,,,,,,,,,,,,,,,,,
665,“H.K. Author List_20160503_2” ,張詠梅,same as column 1,,,,,,,,,,,,,,,,,,,,,,,,,,,
666,“H.K. Author List_20160503_2” ,梁世榮,same as column 1,,,,,,,,,,,,,,,,,,,,,,,,,,,
667,“H.K. Author List_20160503_2” ,陳智德,same as column 1,,,,,,,,,,,,,,,,,,,,,,,,,,,
668,“H.K. Author List_20160503_2” ,陳潔儀,same as column 1,邱心,,,,,,,,,,,,,,,,,,,,,,,,,,
669,“H.K. Author List_20160503_2” ,葉愛蓮,same as column 1,,,,,,,,,,,,,,,,,,,,,,,,,,,
670,“H.K. Author List_20160503_2” ,廖偉棠,same as column 1,,,,,,,,,,,,,,,,,,,,,,,,,,,
671,“H.K. Author List_20160503_2” ,劉芷韻,same as column 1,,,,,,,,,,,,,,,,,,,,,,,,,,,
672,“H.K. Author List_20160503_2” ,劉偉成,same as column 1,,,,,,,,,,,,,,,,,,,,,,,,,,,
673,“H.K. Author List_20160503_2” ,樊善標,same as column 1,,,,,,,,,,,,,,,,,,,,,,,,,,,
674,“H.K. Author List_20160503_2” ,蔡智鋒,same as column 1,,,,,,,,,,,,,,,,,,,,,,,,,,,
675,“H.K. Author List_20160503_2” ,盧展源,same as column 1,,,,,,,,,,,,,,,,,,,,,,,,,,,
676,“H.K. Author List_20160503_2” ,韓麗珠,same as column 1,,,,,,,,,,,,,,,,,,,,,,,,,,,
677,“H.K. Author List_20160503_2” ,關麗珊,same as column 1,,,,,,,,,,,,,,,,,,,,,,,,,,,
678,“H.K. Author List_20160503_2” ,何玉萍,same as column 1,,,,,,,,,,,,,,,,,,,,,,,,,,,
679,“H.K. Author List_20160503_2” ,韋惠英,same as column 1,,,,,,,,,,,,,,,,,,,,,,,,,,,
680,“H.K. Author List_20160503_2” ,區燕霞,same as column 1,,,,,,,,,,,,,,,,,,,,,,,,,,,
681,“H.K. Author List_20160503_2” ,陸趙鈞鴻,same as column 1,,,,,,,,,,,,,,,,,,,,,,,,,,,
682,“H.K. Author List_20160503_2” ,莫紉蘭,same as column 1,,,,,,,,,,,,,,,,,,,,,,,,,,,
683,“H.K. Author List_20160503_2” ,朱少璋,same as column 1,,,,,,,,,,,,,,,,,,,,,,,,,,,
684,“H.K. Author List_20160503_2” ,吳淑鈿,same as column 1,,,,,,,,,,,,,,,,,,,,,,,,,,,
685,“H.K. Author List_20160503_2” ,喬靖夫,,,,,,,,,,,,,,,,,,,,,,,,,,,,
686,“H.K. Author List_20160503_2” ,王貽興,same as column 1,,,,,,,,,,,,,,,,,,,,,,,,,,,
687,“H.K. Author List_20160503_2” ,梁品亮,,,,,,,,,,,,,,,,,,,,,,,,,,,,
688,“H.K. Author List_20160503_2” ,紅眼,,,,,,,,,,,,,,,,,,,,,,,,,,,,
689,“H.K. Author List_20160503_2” ,文於天,林志華,,,,,,,,,,,,,,,,,,,,,,,,,,,
690,“H.K. Author List_20160503_2” ,謝曉虹,same as column 1,,,,,,,,,,,,,,,,,,,,,,,,,,,
691,“H.K. Author List_20160503_2” ,麥樹堅,same as column 1,,,,,,,,,,,,,,,,,,,,,,,,,,,
692,“H.K. Author List_20160503_2” ,呂永佳,same as column 1,,,,,,,,,,,,,,,,,,,,,,,,,,,
693,“H.K. Author List_20160503_2” ,可洛,梁偉洛,,,,,,,,,,,,,,,,,,,,,,,,,,,
694,“H.K. Author List_20160503_2” ,梁科慶,same as column 1,,,,,,,,,,,,,,,,,,,,,,,,,,,
695,“H.K. Author List_20160503_2” ,周淑屏,same as column 1,,,,,,,,,,,,,,,,,,,,,,,,,,,
696,“H.K. Author List_20160503_2” ,陳慧,same as column 1,,,,,,,,,,,,,,,,,,,,,,,,,,,
697,“H.K. Author List_20160503_2” ,李維怡,same as column 1,,,,,,,,,,,,,,,,,,,,,,,,,,,
698,“H.K. Author List_20160503_2” ,鄭政恆,same as column 1,,,,,,,,,,,,,,,,,,,,,,,,,,,
699,“H.K. Author List_20160503_2” ,李智良,same as column 1,,,,,,,,,,,,,,,,,,,,,,,,,,,
700,“H.K. Author List_20160503_2” ,唐睿,same as column 1,,,,,,,,,,,,,,,,,,,,,,,,,,,
701,“H.K. Author List_20160503_2” ,黃茂林,same as column 1,,,,,,,,,,,,,,,,,,,,,,,,,,,
702,“H.K. Author List_20160503_2” ,黃秀蓮,same as column 1,,,,,,,,,,,,,,,,,,,,,,,,,,,
703,“H.K. Author List_20160503_2” ,黎翠華,same as column 1,,,,,,,,,,,,,,,,,,,,,,,,,,,
704,“H.K. Author List_20160503_2” ,周耀輝,same as column 1,,,,,,,,,,,,,,,,,,,,,,,,,,,
705,“H.K. Author List_20160503_2” ,熒惑,阮文略,,,,,,,,,,,,,,,,,,,,,,,,,,,
706,“H.K. Author List_20160503_2” ,袁兆昌,same as column 1,,,,,,,,,,,,,,,,,,,,,,,,,,,
707,“H.K. Author List_20160503_2” ,鄧小樺,same as column 1,,,,,,,,,,,,,,,,,,,,,,,,,,,
708,“H.K. Author List_20160503_2” ,北島,same as column 1,,,,,,,,,,,,,,,,,,,,,,,,,,,
709,“H.K. Author List_20160503_2” ,周漢輝,same as column 1,,,,,,,,,,,,,,,,,,,,,,,,,,,
710,“H.K. Author List_20160503_2” ,莊梅岩,same as column 1,,,,,,,,,,,,,,,,,,,,,,,,,,,
711,“H.K. Author List_20160503_2” ,何恭第,same as column 1,,,,,,,,,,,,,,,,,,,,,,,,,,,
712,“H.K. Author List_20160503_2” ,羅拔高,盧夢殊,,,,,,,,,,,,,,,,,,,,,,,,,,,
713,“H.K. Author List_20160503_2” ,丁岸 ,,,,,,,,,,,,,,,,,,,,,,,,,,,,
714,“H.K. Author List_20160503_2” ,上子,,瑞琪兒,,,,,,,,,,,,,,,,,,,,,,,,,,
715,“H.K. Author List_20160503_2” ,方寬烈,,方業光,東君,,,,,,,,,,,,,,,,,,,,,,,,,
716,“H.K. Author List_20160503_2” ,肯肯,,,,,,,,,,,,,,,,,,,,,,,,,,,,
717,“H.K. Author List_20160503_2” ,姚漢樑,,江山故人,,,,,,,,,,,,,,,,,,,,,,,,,,
718,“H.K. Author List_20160503_2” ,宇無名,麥繼安,,,,,,,,,,,,,,,,,,,,,,,,,,,
719,“H.K. Author List_20160503_2” ,朱昌文,,昌雯,朱暢敏,朱力,,,,,,,,,,,,,,,,,,,,,,,,
720,“H.K. Author List_20160503_2” ,李夏,,,,,,,,,,,,,,,,,,,,,,,,,,,,
721,“H.K. Author List_20160503_2” ,李國參,,,,,,,,,,,,,,,,,,,,,,,,,,,,
722,“H.K. Author List_20160503_2” ,吳俊融,,吳炎城,,,,,,,,,,,,,,,,,,,,,,,,,,
723,“H.K. Author List_20160503_2” ,吳耀宗,,,,,,,,,,,,,,,,,,,,,,,,,,,,
724,“H.K. Author List_20160503_2” ,余柏深 ,,楓國一書生,柏森森,史梅嶺,,,,,,,,,,,,,,,,,,,,,,,,
725,“H.K. Author List_20160503_2” ,何睦,,,,,,,,,,,,,,,,,,,,,,,,,,,,
726,“H.K. Author List_20160503_2” ,林律光,,,,,,,,,,,,,,,,,,,,,,,,,,,,
727,“H.K. Author List_20160503_2” ,林馥,,林麗香,,,,,,,,,,,,,,,,,,,,,,,,,,
728,“H.K. Author List_20160503_2” ,金達凱,,,,,,,,,,,,,,,,,,,,,,,,,,,,
729,“H.K. Author List_20160503_2” ,胡國燦,,,,,,,,,,,,,,,,,,,,,,,,,,,,
730,“H.K. Author List_20160503_2” ,記者甲,,,,,,,,,,,,,,,,,,,,,,,,,,,,
731,“H.K. Author List_20160503_2” ,高謫生,,,,,,,,,,,,,,,,,,,,,,,,,,,,
732,“H.K. Author List_20160503_2” ,英子,,,,,,,,,,,,,,,,,,,,,,,,,,,,
733,“H.K. Author List_20160503_2” ,浩琳,,,,,,,,,,,,,,,,,,,,,,,,,,,,
734,“H.K. Author List_20160503_2” ,徐振邦,,,,,,,,,,,,,,,,,,,,,,,,,,,,
735,“H.K. Author List_20160503_2” ,徐國強,,,,,,,,,,,,,,,,,,,,,,,,,,,,
736,“H.K. Author List_20160503_2” ,梁偉言,,YY1812,,,,,,,,,,,,,,,,,,,,,,,,,,
737,“H.K. Author List_20160503_2” ,許澤惠,,,,,,,,,,,,,,,,,,,,,,,,,,,,
738,“H.K. Author List_20160503_2” ,郭魂 ,,,,,,,,,,,,,,,,,,,,,,,,,,,,
739,“H.K. Author List_20160503_2” ,張成覺,,,,,,,,,,,,,,,,,,,,,,,,,,,,
740,“H.K. Author List_20160503_2” ,張志豪,,三癡堂主人,湛雲,亦鵬,,,,,,,,,,,,,,,,,,,,,,,,
741,“H.K. Author List_20160503_2” ,張遨,,,,,,,,,,,,,,,,,,,,,,,,,,,,
742,“H.K. Author List_20160503_2” ,陳迹,,,,,,,,,,,,,,,,,,,,,,,,,,,,
743,“H.K. Author List_20160503_2” ,陳泰,,澤峰,,,,,,,,,,,,,,,,,,,,,,,,,,
744,“H.K. Author List_20160503_2” ,黃祖植,,,,,,,,,,,,,,,,,,,,,,,,,,,,
745,“H.K. Author List_20160503_2” ,黃擎天,,,,,,,,,,,,,,,,,,,,,,,,,,,,
746,“H.K. Author List_20160503_2” ,黃曉紅,,黃飛,黃熹,,,,,,,,,,,,,,,,,,,,,,,,,
747,“H.K. Author List_20160503_2” ,黃錦滿,,,,,,,,,,,,,,,,,,,,,,,,,,,,
748,“H.K. Author List_20160503_2” ,黃燕萍,,,,,,,,,,,,,,,,,,,,,,,,,,,,
749,“H.K. Author List_20160503_2” ,潘國靈,,,,,,,,,,,,,,,,,,,,,,,,,,,,
750,“H.K. Author List_20160503_2” ,蔡利民,,,,,,,,,,,,,,,,,,,,,,,,,,,,
751,“H.K. Author List_20160503_2” ,黎玉琼 ,,,,,,,,,,,,,,,,,,,,,,,,,,,,
752,“H.K. Author List_20160503_2” ,劉鳳竹,,,,,,,,,,,,,,,,,,,,,,,,,,,,
753,“H.K. Author List_20160503_2” ,劉慶華,,,,,,,,,,,,,,,,,,,,,,,,,,,,
754,“H.K. Author List_20160503_2” ,薛偉華,,,,,,,,,,,,,,,,,,,,,,,,,,,,
755,“H.K. Author List_20160503_2” ,謝孟林,,謝名林,孟林,孟臨,文冰,民兵,江野,,,,,,,,,,,,,,,,,,,,,
756,“H.K. Author List_20160503_2” ,鄺龑子,same as column 1,,,,,,,,,,,,,,,,,,,,,,,,,,,
757,“H.K. Author List_20160503_2” ,魏鵬展,same as column 1,,,,,,,,,,,,,,,,,,,,,,,,,,,
758,“H.K. Author List_20160503_2” ,譚炯雄,same as column 1,,,,,,,,,,,,,,,,,,,,,,,,,,,
759,“H.K. Author List_20160503_2” ,關品方,same as column 1,,,,,,,,,,,,,,,,,,,,,,,,,,,
760,“H.K. Author List_20160503_2” ,關俊棠,same as column 1,,,,,,,,,,,,,,,,,,,,,,,,,,,
761,“H.K. Author List_20160503_2” ,羅鶴鳴,same as column 1,,,,,,,,,,,,,,,,,,,,,,,,,,,
762,“H.K. Author List_20160503_2” ,蘇素,same as column 1,,,,,,,,,,,,,,,,,,,,,,,,,,,
763,“H.K. Author List_20160503_2” ,源志藩,,向遠,,,,,,,,,,,,,,,,,,,,,,,,,,
764,“H.K. Author List_20160503_2” ,李振中,,守拙,李六根,,,,,,,,,,,,,,,,,,,,,,,,,
765,“H.K. Author List_20160503_2” ,王岸然,,黃覺岸,,,,,,,,,,,,,,,,,,,,,,,,,,
766,HKLit books,阿寬,陳慶嘉,,,,,,,,,,,,,,,,,,,,,,,,,,,
767,HKLit books,陳蘆荻,陳培迪,蘆荻,,,,,,,,,,,,,,,,,,,,,,,,,,
768,HKLit books,周楚奇,,阿乜,,,,,,,,,,,,,,,,,,,,,,,,,,
770,HKLit books,周鯨文,,長白山人,,,,,,,,,,,,,,,,,,,,,,,,,,
771,HKLit Database,宗珏,,盧豫冬,旅岡,,,,,,,,,,,,,,,,,,,,,,,,,
772,HKLit Database,張光宇,,,,,,,,,,,,,,,,,,,,,,,,,,,,
773,HKLit books,張秉權,same as column 1,日出,陳耕武,麥德,,,,,,,,,,,,,,,,,,,,,,,,
774,HKLit books,徐遲,,余犀,,,,,,,,,,,,,,,,,,,,,,,,,,
775,HKLit books,蔡浩泉,same as column 1,阿爾,蔡爾,,,,,,,,,,,,,,,,,,,,,,,,,
776,HKLit books,徐焯賢,,,,,,,,,,,,,,,,,,,,,,,,,,,,
777,HKLit books,張婉文,,,,,,,,,,,,,,,,,,,,,,,,,,,,
,,,,,,,,,,,,,,,,,,,,,,,,,,,,,,
